ID,日付,銘柄コード,銘柄名,方向,信頼度,エントリー時刻,エントリー価格,エグジット時刻,エグジット価格,損益(円),損益(%),エグジット理由,シグナル理由,BE発動,セッション,保有バー数,ロット数,最大含み益(%),最大含み損(%)
8,2026-06-17,9984,ソフトバンクG,short,medium,12:29,6833.0,12:36,6867.2,-9976,-0.500,SL,ダウ理論: 直近安値更新 (下落トレンド継続)｜[信頼度：中] トレンド一致・勢い一致・出来高薄,false,pm,7,29200,0.000,-0.541
12,2026-06-17,8316,三井住友FG,short,medium,13:09,6525.0,15:20,6465.0,18360,0.920,TIME,ダウ理論: 直近安値更新 (下落トレンド継続)｜[信頼度：中] トレンド一致・勢い一致・出来高薄,true,pm,131,30600,1.027,0.000
3,2026-06-17,6976,太陽誘電,short,medium,13:10,20100.0,13:26,20100.0,0,0.000,BE,ダウ理論: 直近安値更新 (下落トレンド継続)｜[信頼度：中] トレンド一致・勢い一致・出来高薄,true,pm,16,9900,1.318,-0.199
9,2026-06-17,9984,ソフトバンクG,short,medium,13:22,6877.0,14:00,6877.0,0,0.000,BE,ダウ理論: 直近安値更新 (下落トレンド継続)｜[信頼度：中] トレンド一致・勢い一致・出来高薄,true,pm,38,29000,0.742,-0.131
5,2026-06-17,6981,村田製作所,short,medium,13:23,10715.0,14:01,10715.0,0,0.000,BE,ダウ理論: 直近安値更新 (下落トレンド継続)｜[信頼度：中] トレンド一致・勢い一致・出来高薄,true,pm,38,18600,0.980,-0.327
2,2026-06-17,5803,フジクラ,short,medium,13:31,4707.0,14:31,4730.5,-9979,-0.500,SL,ダウ理論: 直近安値更新 (下落トレンド継続)｜[信頼度：中] トレンド一致・勢い一致・出来高薄,false,pm,60,42400,0.467,-0.574
6,2026-06-17,6526,ソシオネクスト,short,medium,13:33,2497.0,13:50,2509.5,-9988,-0.500,SL,ダウ理論: 直近安値更新 (下落トレンド継続)｜[信頼度：中] トレンド一致・勢い一致・出来高薄,false,pm,17,80000,0.140,-0.501
4,2026-06-17,6976,太陽誘電,short,medium,13:34,19780.0,13:38,19878.9,-9989,-0.500,SL,ダウ理論: 直近安値更新 (下落トレンド継続)｜[信頼度：中] トレンド一致・勢い一致・出来高薄,false,pm,4,10100,0.000,-0.506
1,2026-06-17,6857,アドバンテスト,short,medium,13:36,30300.0,14:25,30300.0,0,0.000,BE,ダウ理論: 直近安値更新 (下落トレンド継続)｜[信頼度：中] トレンド一致・勢い一致・出来高薄,true,pm,49,6600,0.990,0.000
11,2026-06-17,7011,三菱重工業,short,medium,13:44,3863.0,15:20,3857.0,3102,0.155,TIME,ダウ理論: 直近安値更新 (下落トレンド継続)｜[信頼度：中] トレンド一致・勢い一致・出来高薄,false,pm,96,51700,0.285,-0.388
10,2026-06-17,9984,ソフトバンクG,short,medium,14:21,6856.0,14:49,6890.3,-9975,-0.500,SL,ダウ理論: 直近安値更新 (下落トレンド継続)｜[信頼度：中] トレンド一致・勢い一致・出来高薄,false,pm,28,29100,0.000,-0.525
7,2026-06-17,6526,ソシオネクスト,short,medium,14:28,2488.0,14:38,2500.4,-9989,-0.500,SL,ダウ理論: 直近安値更新 (下落トレンド継続)｜[信頼度：中] トレンド一致・勢い一致・出来高薄,false,pm,10,80300,0.020,-0.543
15,2026-06-18,5803,フジクラ,short,medium,12:29,4667.0,13:06,4667.0,0,0.000,BE,ダウ理論: 直近安値更新 (下落トレンド継続)｜[信頼度：中] トレンド一致・勢い一致・出来高薄,true,pm,37,42800,1.500,-0.043
20,2026-06-18,6981,村田製作所,short,medium,12:29,12245.0,12:31,12306.2,-9980,-0.500,SL,ダウ理論: 直近安値更新 (下落トレンド継続)｜[信頼度：中] トレンド一致・勢い一致・出来高薄,false,pm,2,16300,0.000,-0.735
24,2026-06-18,9984,ソフトバンクG,short,medium,12:29,7082.0,12:30,7117.4,-9986,-0.500,SL,ダウ理論: 直近安値更新 (下落トレンド継続)｜[信頼度：中] トレンド一致・勢い一致・出来高薄,false,pm,1,28200,0.000,-0.537
26,2026-06-18,7011,三菱重工業,short,medium,12:29,3967.0,13:40,3967.0,0,0.000,BE,デッドクロス (MA5:3998.2 < MA25:4004.44, 乖離:0.16%)｜[信頼度：中] トレンド一致・勢い一致・出来高薄,true,pm,71,50400,0.504,-0.126
23,2026-06-18,6526,ソシオネクスト,short,medium,13:00,2604.0,14:26,2617.0,-9999,-0.500,SL,ダウ理論: 直近安値更新 (下落トレンド継続)｜[信頼度：中] トレンド一致・勢い一致・出来高薄,false,pm,86,76800,0.442,-0.614
18,2026-06-18,6976,太陽誘電,short,medium,13:12,20925.0,13:37,21029.6,-9939,-0.500,SL,ダウ理論: 直近安値更新 (下落トレンド継続)｜[信頼度：中] トレンド一致・勢い一致・出来高薄,false,pm,25,9500,0.335,-0.621
21,2026-06-18,6981,村田製作所,short,medium,13:18,12170.0,13:30,12230.8,-9979,-0.500,SL,ダウ理論: 直近安値更新 (下落トレンド継続)｜[信頼度：中] トレンド一致・勢い一致・出来高薄,false,pm,12,16400,0.000,-0.575
14,2026-06-18,6857,アドバンテスト,short,medium,13:24,30070.0,14:32,30220.3,-9923,-0.500,SL,ダウ理論: 直近安値更新 (下落トレンド継続)｜[信頼度：中] トレンド一致・勢い一致・出来高薄,false,pm,68,6600,0.249,-0.599
16,2026-06-18,5803,フジクラ,short,medium,13:25,4629.0,14:06,4652.1,-9999,-0.500,SL,三尊（ヘッド&ショルダー）(ネックライン:4631.5円割れ)｜[信頼度：中] トレンド一致・勢い一致・出来高薄,false,pm,41,43200,0.151,-0.518
25,2026-06-18,9984,ソフトバンクG,short,medium,13:27,7210.0,14:08,7246.0,-9986,-0.500,SL,ダウ理論: 直近安値更新 (下落トレンド継続)｜[信頼度：中] トレンド一致・勢い一致・出来高薄,false,pm,41,27700,0.430,-0.527
22,2026-06-18,6981,村田製作所,short,medium,14:06,12170.0,14:36,11987.5,29938,1.500,TP,ダウ理論: 直近安値更新 (下落トレンド継続)｜[信頼度：中] トレンド一致・勢い一致・出来高薄,true,pm,30,16400,1.520,-0.205
13,2026-06-18,6920,レーザーテック,short,medium,14:09,56230.0,14:27,56511.1,-9840,-0.500,SL,ダウ理論: 直近安値更新 (下落トレンド継続)｜[信頼度：中] トレンド一致・勢い一致・出来高薄,false,pm,18,3500,0.036,-0.569
17,2026-06-18,5803,フジクラ,short,medium,14:12,4639.0,15:20,4570.0,29739,1.487,TIME,三尊（ヘッド&ショルダー）(ネックライン:4642.0円割れ)｜[信頼度：中] トレンド一致・勢い一致・出来高薄,true,pm,67,43100,1.487,-0.065
27,2026-06-18,7011,三菱重工業,short,medium,14:17,3961.0,14:31,3980.8,-9982,-0.500,SL,ダウ理論: 直近安値更新 (下落トレンド継続)｜[信頼度：中] トレンド一致・勢い一致・出来高薄,false,pm,14,50400,0.000,-0.555
19,2026-06-18,6976,太陽誘電,short,medium,14:27,20880.0,14:36,20566.8,29754,1.500,TP,ダウ理論: 直近安値更新 (下落トレンド継続)｜[信頼度：中] トレンド一致・勢い一致・出来高薄,true,pm,9,9500,1.628,-0.216
28,2026-06-19,6920,レーザーテック,short,medium,09:24,56190.0,09:27,56470.9,-9833,-0.500,SL,大台割れ (56200円割り込み)｜[信頼度：中] トレンド一致・勢い一致・出来高薄,false,am,3,3500,0.000,-0.801
61,2026-06-19,8035,東京エレクトロン,short,medium,09:25,75280.0,09:30,75656.4,-9786,-0.500,SL,大台割れ (75300円割り込み)｜[信頼度：中] トレンド一致・勢い一致・出来高薄,false,am,5,2600,0.040,-0.624
64,2026-06-19,8316,三井住友FG,short,medium,09:26,6577.0,13:56,6478.3,29991,1.500,TP,大台割れ (6600円割り込み)｜[信頼度：中] トレンド一致・勢い一致・出来高薄,true,pm,269,30400,1.505,-0.076
60,2026-06-19,7011,三菱重工業,short,medium,09:29,3885.0,14:16,3885.0,0,0.000,BE,大台割れ (3900円割り込み)｜[信頼度：中] トレンド一致・勢い一致・出来高薄,true,pm,288,51400,1.364,-0.283
29,2026-06-19,6920,レーザーテック,short,medium,09:39,56330.0,10:16,55485.0,29573,1.500,TP,大台割れ (56400円割り込み)｜[信頼度：中] トレンド一致・勢い一致・出来高薄,true,am,37,3500,1.527,0.000
62,2026-06-19,8035,東京エレクトロン,short,medium,09:41,75780.0,12:30,74643.3,29554,1.500,TP,大台割れ (75800円割り込み)｜[信頼度：中] トレンド一致・勢い一致・出来高薄,true,pm,169,2600,1.518,-0.449
56,2026-06-19,9984,ソフトバンクG,short,medium,10:12,7436.0,10:48,7324.5,29893,1.500,TP,ダウ理論: 直近安値更新 (下落トレンド継続)｜[信頼度：中] トレンド一致・勢い一致・出来高薄,true,am,36,26800,1.614,-0.484
30,2026-06-19,6920,レーザーテック,short,medium,10:16,55470.0,10:18,55747.3,-9985,-0.500,SL,ダウ理論: 直近安値更新 (下落トレンド継続)｜[信頼度：中] トレンド一致・勢い一致・出来高薄,false,am,2,3600,0.000,-0.577
40,2026-06-19,6976,太陽誘電,short,medium,10:18,19275.0,10:21,19371.4,-9927,-0.500,SL,大台割れ (19300円割り込み)｜[信頼度：中] トレンド一致・勢い一致・出来高薄,false,am,3,10300,0.000,-0.700
31,2026-06-19,6920,レーザーテック,short,medium,10:25,55680.0,11:06,54844.8,29232,1.500,TP,大台割れ (55700円割り込み)｜[信頼度：中] トレンド一致・勢い一致・出来高薄,true,am,41,3500,1.563,-0.018
51,2026-06-19,6526,ソシオネクスト,short,medium,10:25,2751.5,10:28,2765.3,-9988,-0.500,SL,ダウ理論: 直近安値更新 (下落トレンド継続)｜[信頼度：中] トレンド一致・勢い一致・出来高薄,false,am,3,72600,0.055,-0.527
41,2026-06-19,6976,太陽誘電,short,medium,10:29,19240.0,10:31,19336.2,-9909,-0.500,SL,ダウ理論: 直近安値更新 (下落トレンド継続)｜[信頼度：中] トレンド一致・勢い一致・出来高薄,false,am,2,10300,0.000,-0.520
47,2026-06-19,6981,村田製作所,short,medium,10:29,12065.0,10:31,12125.3,-9954,-0.500,SL,大台割れ (12100円割り込み)｜[信頼度：中] トレンド一致・勢い一致・出来高薄,false,am,2,16500,0.000,-0.663
52,2026-06-19,6526,ソシオネクスト,short,medium,10:35,2745.0,10:41,2745.0,0,0.000,BE,ダウ理論: 直近安値更新 (下落トレンド継続)｜[信頼度：中] トレンド一致・勢い一致・出来高薄,true,am,6,72800,0.510,-0.383
42,2026-06-19,6976,太陽誘電,short,medium,10:39,19295.0,11:05,19005.6,29811,1.500,TP,大台割れ (19300円割り込み)｜[信頼度：中] トレンド一致・勢い一致・出来高薄,true,am,26,10300,2.073,-0.207
48,2026-06-19,6981,村田製作所,short,medium,10:40,12050.0,10:52,11869.3,29824,1.500,TP,ダウ理論: 直近安値更新 (下落トレンド継続)｜[信頼度：中] トレンド一致・勢い一致・出来高薄,true,am,12,16500,1.618,-0.249
37,2026-06-19,6857,アドバンテスト,short,medium,10:43,31440.0,11:22,31597.2,-9904,-0.500,SL,ダウ理論: 直近安値更新 (下落トレンド継続)｜[信頼度：中] トレンド一致・勢い一致・出来高薄,false,am,39,6300,0.127,-0.573
57,2026-06-19,9984,ソフトバンクG,short,medium,10:48,7316.0,12:34,7206.3,29959,1.500,TP,ダウ理論: 直近安値更新 (下落トレンド継続)｜[信頼度：中] トレンド一致・勢い一致・出来高薄,true,pm,107,27300,1.599,-0.096
49,2026-06-19,6981,村田製作所,short,medium,10:52,11855.0,11:01,11914.3,-9958,-0.500,SL,ダウ理論: 直近安値更新 (下落トレンド継続)｜[信頼度：中] トレンド一致・勢い一致・出来高薄,false,am,9,16800,0.042,-1.265
53,2026-06-19,6526,ソシオネクスト,short,medium,10:57,2737.0,12:29,2695.9,29970,1.500,TP,三尊（ヘッド&ショルダー）(ネックライン:2743.8円割れ)｜[信頼度：中] トレンド一致・勢い一致・出来高薄,true,pm,92,73000,1.936,0.000
32,2026-06-19,6920,レーザーテック,short,medium,12:29,54750.0,12:39,54750.0,0,0.000,BE,ダウ理論: 直近安値更新 (下落トレンド継続)｜[信頼度：中] トレンド一致・勢い一致・出来高薄,true,pm,10,3600,0.603,0.000
43,2026-06-19,6976,太陽誘電,short,medium,12:29,18930.0,12:39,18930.0,0,0.000,BE,ダウ理論: 直近安値更新 (下落トレンド継続)｜[信頼度：中] トレンド一致・勢い一致・出来高薄,true,pm,10,10500,1.109,-0.343
54,2026-06-19,6526,ソシオネクスト,short,medium,12:29,2684.0,12:40,2684.0,0,0.000,BE,デッドクロス (MA5:2700.8 < MA25:2704.16, 乖離:0.12%)｜[信頼度：中] トレンド一致・勢い一致・出来高薄,true,pm,11,74500,1.099,-0.205
33,2026-06-19,6920,レーザーテック,short,medium,13:00,54680.0,13:13,54953.4,-9842,-0.500,SL,大台割れ (54700円割り込み)｜[信頼度：中] トレンド一致・勢い一致・出来高薄,false,pm,13,3600,0.183,-0.622
55,2026-06-19,6526,ソシオネクスト,short,medium,13:00,2668.5,15:20,2639.0,22096,1.105,TIME,ダウ理論: 直近安値更新 (下落トレンド継続)｜[信頼度：中] トレンド一致・勢い一致・出来高薄,true,pm,140,74900,1.293,-0.075
58,2026-06-19,9984,ソフトバンクG,short,medium,13:00,7133.0,13:16,7168.7,-9986,-0.500,SL,ダウ理論: 直近安値更新 (下落トレンド継続)｜[信頼度：中] トレンド一致・勢い一致・出来高薄,false,pm,16,28000,0.224,-0.505
63,2026-06-19,8035,東京エレクトロン,short,medium,13:00,74810.0,15:11,74810.0,0,0.000,BE,大台割れ (74900円割り込み)｜[信頼度：中] トレンド一致・勢い一致・出来高薄,true,pm,131,2600,1.096,-0.334
38,2026-06-19,6857,アドバンテスト,short,medium,13:01,31350.0,13:11,31506.7,-9875,-0.500,SL,ダウ理論: 直近安値更新 (下落トレンド継続)｜[信頼度：中] トレンド一致・勢い一致・出来高薄,false,pm,10,6300,0.000,-0.606
44,2026-06-19,6976,太陽誘電,short,medium,13:07,18870.0,13:11,18964.3,-9907,-0.500,SL,ダウ理論: 直近安値更新 (下落トレンド継続)｜[信頼度：中] トレンド一致・勢い一致・出来高薄,false,pm,4,10500,0.106,-0.609
39,2026-06-19,6857,アドバンテスト,short,medium,13:19,31340.0,15:00,31340.0,0,0.000,BE,ダウ理論: 直近安値更新 (下落トレンド継続)｜[信頼度：中] トレンド一致・勢い一致・出来高薄,true,pm,101,6300,0.702,-0.319
45,2026-06-19,6976,太陽誘電,short,medium,13:19,18975.0,13:26,19069.9,-9962,-0.500,SL,大台割れ (19000円割り込み)｜[信頼度：中] トレンド一致・勢い一致・出来高薄,false,pm,7,10500,0.000,-0.527
46,2026-06-19,6976,太陽誘電,short,medium,13:29,18990.0,13:57,19084.9,-9970,-0.500,SL,大台割れ (19000円割り込み)｜[信頼度：中] トレンド一致・勢い一致・出来高薄,false,pm,28,10500,0.316,-0.527
34,2026-06-19,6920,レーザーテック,short,medium,13:30,54860.0,14:04,54037.1,29624,1.500,TP,ダウ理論: 直近安値更新 (下落トレンド継続)｜[信頼度：中] トレンド一致・勢い一致・出来高薄,true,pm,34,3600,1.622,-0.018
59,2026-06-19,9984,ソフトバンクG,short,medium,13:40,7132.0,14:01,7132.0,0,0.000,BE,ダウ理論: 直近安値更新 (下落トレンド継続)｜[信頼度：中] トレンド一致・勢い一致・出来高薄,true,pm,21,28000,0.603,-0.042
50,2026-06-19,6981,村田製作所,short,medium,13:44,11665.0,13:58,11723.3,-9974,-0.500,SL,ダウ理論: 直近安値更新 (下落トレンド継続)｜[信頼度：中] トレンド一致・勢い一致・出来高薄,false,pm,14,17100,0.214,-0.600
65,2026-06-19,8316,三井住友FG,short,medium,13:56,6478.0,14:25,6510.4,-9976,-0.500,SL,ダウ理論: 直近安値更新 (下落トレンド継続)｜[信頼度：中] トレンド一致・勢い一致・出来高薄,false,pm,29,30800,0.093,-0.571
35,2026-06-19,6920,レーザーテック,short,medium,14:04,53970.0,14:16,54239.8,-9984,-0.500,SL,ダウ理論: 直近安値更新 (下落トレンド継続)｜[信頼度：中] トレンド一致・勢い一致・出来高薄,false,pm,12,3700,0.019,-0.519
36,2026-06-19,6920,レーザーテック,short,medium,14:19,54200.0,14:50,54200.0,0,0.000,BE,大台割れ (54300円割り込み)｜[信頼度：中] トレンド一致・勢い一致・出来高薄,true,pm,31,3600,0.517,-0.037
76,2026-06-22,9984,ソフトバンクG,short,medium,11:30,7272.0,15:20,7244.0,7700,0.385,TIME,三尊（ヘッド&ショルダー）(ネックライン:7279.5円割れ)｜[信頼度：中] トレンド一致・勢い一致・出来高薄,true,pm,227,27500,0.591,-0.481
67,2026-06-22,6857,アドバンテスト,short,medium,13:00,32240.0,13:47,32240.0,0,0.000,BE,ダウ理論: 直近安値更新 (下落トレンド継続)｜[信頼度：中] トレンド一致・勢い一致・出来高薄,true,pm,44,6200,0.744,-0.062
68,2026-06-22,6976,太陽誘電,short,medium,13:01,18585.0,13:14,18306.2,29829,1.500,TP,大台割れ (18600円割り込み)｜[信頼度：中] トレンド一致・勢い一致・出来高薄,true,pm,13,10700,1.533,0.000
72,2026-06-22,6981,村田製作所,short,medium,13:01,12555.0,13:28,12366.7,29944,1.500,TP,三尊（ヘッド&ショルダー）(ネックライン:12562.5円割れ)｜[信頼度：中] トレンド一致・勢い一致・出来高薄,true,pm,24,15900,1.633,0.000
75,2026-06-22,6526,ソシオネクスト,short,medium,13:13,2687.0,15:05,2687.0,0,0.000,BE,ダウ理論: 直近安値更新 (下落トレンド継続)｜[信頼度：中] トレンド一致・勢い一致・出来高薄,true,pm,108,74400,0.949,-0.223
69,2026-06-22,6976,太陽誘電,short,medium,13:14,18300.0,13:36,18025.5,29921,1.500,TP,ダウ理論: 直近安値更新 (下落トレンド継続)｜[信頼度：中] トレンド一致・勢い一致・出来高薄,true,pm,19,10900,2.158,-0.410
77,2026-06-22,8035,東京エレクトロン,short,medium,13:19,77240.0,13:50,77626.2,-9655,-0.500,SL,三尊（ヘッド&ショルダー）(ネックライン:77335.0円割れ)｜[信頼度：中] トレンド一致・勢い一致・出来高薄,false,pm,28,2500,0.311,-0.544
73,2026-06-22,6981,村田製作所,short,medium,13:28,12350.0,14:15,12164.8,29825,1.500,TP,ダウ理論: 直近安値更新 (下落トレンド継続)｜[信頼度：中] トレンド一致・勢い一致・出来高薄,true,pm,47,16100,1.579,0.000
70,2026-06-22,6976,太陽誘電,short,medium,13:36,17905.0,14:20,17636.4,29812,1.500,TP,ダウ理論: 直近安値更新 (下落トレンド継続)｜[信頼度：中] トレンド一致・勢い一致・出来高薄,true,pm,44,11100,1.620,-0.251
74,2026-06-22,6981,村田製作所,short,medium,14:15,12155.0,14:48,12215.8,-9967,-0.500,SL,ダウ理論: 直近安値更新 (下落トレンド継続)｜[信頼度：中] トレンド一致・勢い一致・出来高薄,false,pm,33,16400,0.165,-0.617
66,2026-06-22,6920,レーザーテック,short,medium,14:18,57030.0,15:09,57315.1,-9980,-0.500,SL,ダウ理論: 直近安値更新 (下落トレンド継続)｜[信頼度：中] トレンド一致・勢い一致・出来高薄,false,pm,51,3500,0.386,-0.561
71,2026-06-22,6976,太陽誘電,short,medium,14:20,17615.0,14:29,17703.1,-9952,-0.500,SL,ダウ理論: 直近安値更新 (下落トレンド継続)｜[信頼度：中] トレンド一致・勢い一致・出来高薄,false,pm,9,11300,0.000,-0.766
78,2026-06-23,6920,レーザーテック,short,medium,09:19,56860.0,09:37,56007.1,29852,1.500,TP,大台割れ (56900円割り込み)｜[信頼度：中] トレンド一致・勢い一致・出来高薄,true,am,18,3500,1.741,-0.246
82,2026-06-23,6857,アドバンテスト,short,medium,09:19,32760.0,09:23,32760.0,0,0.000,BE,大台割れ (32800円割り込み)｜[信頼度：中] トレンド一致・勢い一致・出来高薄,true,am,4,6100,0.549,-0.122
96,2026-06-23,6981,村田製作所,short,medium,09:20,11860.0,09:28,11682.1,29887,1.500,TP,大台割れ (11900円割り込み)｜[信頼度：中] トレンド一致・勢い一致・出来高薄,true,am,8,16800,1.602,0.000
106,2026-06-23,8035,東京エレクトロン,short,medium,09:21,77610.0,09:23,77998.0,-9701,-0.500,SL,大台割れ (77700円割り込み)｜[信頼度：中] トレンド一致・勢い一致・出来高薄,false,am,2,2500,0.000,-0.670
100,2026-06-23,6526,ソシオネクスト,short,medium,09:26,2661.5,09:28,2661.5,0,0.000,BE,ダウ理論: 直近安値更新 (下落トレンド継続)｜[信頼度：中] トレンド一致・勢い一致・出来高薄,true,am,2,75100,0.582,-0.056
104,2026-06-23,7011,三菱重工業,short,medium,09:26,3845.0,10:55,3787.3,29991,1.500,TP,ダウ理論: 直近安値更新 (下落トレンド継続)｜[信頼度：中] トレンド一致・勢い一致・出来高薄,true,am,89,52000,1.534,-0.416
83,2026-06-23,6857,アドバンテスト,short,medium,09:27,32560.0,09:31,32722.8,-9931,-0.500,SL,ダウ理論: 直近安値更新 (下落トレンド継続)｜[信頼度：中] トレンド一致・勢い一致・出来高薄,false,am,4,6100,0.215,-0.676
91,2026-06-23,6976,太陽誘電,short,medium,09:27,17180.0,09:30,17265.9,-9964,-0.500,SL,デッドクロス (MA5:17297 < MA25:17323.6, 乖離:0.15%)｜[信頼度：中] トレンド一致・勢い一致・出来高薄,false,am,3,11600,0.000,-1.310
97,2026-06-23,6981,村田製作所,short,medium,09:28,11670.0,09:38,11728.3,-9978,-0.500,SL,ダウ理論: 直近安値更新 (下落トレンド継続)｜[信頼度：中] トレンド一致・勢い一致・出来高薄,false,am,10,17100,0.428,-0.600
102,2026-06-23,9984,ソフトバンクG,short,medium,09:29,6767.0,10:05,6767.0,0,0.000,BE,ダウ理論: 直近安値更新 (下落トレンド継続)｜[信頼度：中] トレンド一致・勢い一致・出来高薄,true,am,36,29500,0.606,-0.414
84,2026-06-23,6857,アドバンテスト,short,medium,09:33,32590.0,09:45,32752.9,-9940,-0.500,SL,大台割れ (32600円割り込み)｜[信頼度：中] トレンド一致・勢い一致・出来高薄,false,am,12,6100,0.491,-0.675
107,2026-06-23,8035,東京エレクトロン,short,medium,09:33,77610.0,09:44,77610.0,0,0.000,BE,大台割れ (77700円割り込み)｜[信頼度：中] トレンド一致・勢い一致・出来高薄,true,am,11,2500,0.618,-0.090
79,2026-06-23,6920,レーザーテック,short,medium,09:37,55870.0,09:44,56149.3,-9777,-0.500,SL,ダウ理論: 直近安値更新 (下落トレンド継続)｜[信頼度：中] トレンド一致・勢い一致・出来高薄,false,am,7,3500,0.089,-0.662
80,2026-06-23,6920,レーザーテック,short,medium,09:55,56430.0,10:47,55583.5,29626,1.500,TP,大台割れ (56500円割り込み)｜[信頼度：中] トレンド一致・勢い一致・出来高薄,true,am,52,3500,1.559,-0.301
109,2026-06-23,8316,三井住友FG,short,medium,09:58,6571.0,11:57,6548.0,6992,0.350,EOD,ダウ理論: 直近安値更新 (下落トレンド継続)｜[信頼度：中] トレンド一致・勢い一致・出来高薄,false,pm,119,30400,0.457,-0.304
103,2026-06-23,9984,ソフトバンクG,short,medium,10:10,6735.0,11:58,6680.0,16280,0.817,EOD,三尊（ヘッド&ショルダー）(ネックライン:6743.5円割れ)｜[信頼度：中] トレンド一致・勢い一致・出来高薄,true,pm,108,29600,1.381,-0.045
86,2026-06-23,5803,フジクラ,short,medium,10:15,6849.0,10:20,6883.2,-10000,-0.500,SL,ダウ理論: 直近安値更新 (下落トレンド継続)｜[信頼度：中] トレンド一致・勢い一致・出来高薄,false,am,5,29200,0.015,-0.511
85,2026-06-23,6857,アドバンテスト,short,medium,10:20,32770.0,11:26,32770.0,0,0.000,BE,三尊（ヘッド&ショルダー）(ネックライン:32820.0円割れ)｜[信頼度：中] トレンド一致・勢い一致・出来高薄,true,am,66,6100,1.160,-0.305
87,2026-06-23,5803,フジクラ,short,medium,10:28,6841.0,10:30,6875.2,-9988,-0.500,SL,ダウ理論: 直近安値更新 (下落トレンド継続)｜[信頼度：中] トレンド一致・勢い一致・出来高薄,false,am,2,29200,0.000,-0.746
108,2026-06-23,8035,東京エレクトロン,short,medium,10:35,77890.0,11:58,77630.0,6500,0.334,EOD,ダウ理論: 直近安値更新 (下落トレンド継続)｜[信頼度：中] トレンド一致・勢い一致・出来高薄,true,pm,83,2500,0.809,-0.231
92,2026-06-23,6976,太陽誘電,short,medium,10:38,18105.0,10:44,17833.4,29873,1.500,TP,ダウ理論: 直近安値更新 (下落トレンド継続)｜[信頼度：中] トレンド一致・勢い一致・出来高薄,true,am,6,11000,1.933,0.000
98,2026-06-23,6981,村田製作所,short,medium,10:42,11865.0,10:49,11687.0,29900,1.500,TP,ダウ理論: 直近安値更新 (下落トレンド継続)｜[信頼度：中] トレンド一致・勢い一致・出来高薄,true,am,7,16800,1.686,0.000
88,2026-06-23,5803,フジクラ,short,medium,10:44,6799.0,10:47,6697.0,29984,1.500,TP,ダウ理論: 直近安値更新 (下落トレンド継続)｜[信頼度：中] トレンド一致・勢い一致・出来高薄,true,am,3,29400,2.000,0.000
93,2026-06-23,6976,太陽誘電,short,medium,10:44,17755.0,10:53,17488.7,29828,1.500,TP,ダウ理論: 直近安値更新 (下落トレンド継続)｜[信頼度：中] トレンド一致・勢い一致・出来高薄,true,am,9,11200,1.605,-0.197
101,2026-06-23,6526,ソシオネクスト,short,medium,10:46,2716.5,11:08,2675.8,29990,1.500,TP,ダウ理論: 直近安値更新 (下落トレンド継続)｜[信頼度：中] トレンド一致・勢い一致・出来高薄,true,am,22,73600,1.546,0.000
81,2026-06-23,6920,レーザーテック,short,medium,10:47,55550.0,11:58,55180.0,13320,0.666,EOD,ダウ理論: 直近安値更新 (下落トレンド継続)｜[信頼度：中] トレンド一致・勢い一致・出来高薄,true,pm,71,3600,1.098,0.000
89,2026-06-23,5803,フジクラ,short,medium,10:47,6663.0,10:49,6563.1,29983,1.500,TP,ダウ理論: 直近安値更新 (下落トレンド継続)｜[信頼度：中] トレンド一致・勢い一致・出来高薄,true,am,2,30000,1.636,0.000
90,2026-06-23,5803,フジクラ,short,medium,10:49,6554.0,10:51,6586.8,-9995,-0.500,SL,ダウ理論: 直近安値更新 (下落トレンド継続)｜[信頼度：中] トレンド一致・勢い一致・出来高薄,false,am,2,30500,0.000,-1.099
99,2026-06-23,6981,村田製作所,short,medium,10:49,11665.0,11:14,11665.0,0,0.000,BE,ダウ理論: 直近安値更新 (下落トレンド継続)｜[信頼度：中] トレンド一致・勢い一致・出来高薄,true,am,25,17100,0.814,-0.386
94,2026-06-23,6976,太陽誘電,short,medium,10:53,17470.0,10:57,17557.3,-9958,-0.500,SL,ダウ理論: 直近安値更新 (下落トレンド継続)｜[信頼度：中] トレンド一致・勢い一致・出来高薄,false,am,4,11400,0.315,-0.572
105,2026-06-23,7011,三菱重工業,short,medium,10:55,3786.0,11:58,3776.0,5280,0.264,EOD,ダウ理論: 直近安値更新 (下落トレンド継続)｜[信頼度：中] トレンド一致・勢い一致・出来高薄,false,pm,63,52800,0.475,-0.053
95,2026-06-23,6976,太陽誘電,short,medium,10:59,17400.0,11:04,17487.0,-9918,-0.500,SL,ダウ理論: 直近安値更新 (下落トレンド継続)｜[信頼度：中] トレンド一致・勢い一致・出来高薄,false,am,5,11400,0.201,-0.575
110,2026-06-24,6920,レーザーテック,short,medium,12:29,51240.0,12:30,51496.2,-9992,-0.500,SL,デッドクロス (MA5:51608 < MA25:51681.6, 乖離:0.14%)｜[信頼度：中] トレンド一致・勢い一致・出来高薄,false,pm,1,3900,0.000,-0.527
112,2026-06-24,6857,アドバンテスト,short,medium,12:29,31130.0,13:28,30800.0,21120,1.060,EOD,デッドクロス (MA5:31370 < MA25:31418, 乖離:0.15%)｜[信頼度：中] トレンド一致・勢い一致・出来高薄,true,pm,59,6400,1.221,-0.289
113,2026-06-24,5803,フジクラ,short,medium,12:29,6332.0,12:31,6363.7,-9973,-0.500,SL,ダウ理論: 直近安値更新 (下落トレンド継続)｜[信頼度：中] トレンド一致・勢い一致・出来高薄,false,pm,2,31500,0.000,-0.632
119,2026-06-24,9984,ソフトバンクG,short,medium,12:29,6504.0,13:20,6406.4,29951,1.500,TP,ダウ理論: 直近安値更新 (下落トレンド継続)｜[信頼度：中] トレンド一致・勢い一致・出来高薄,true,pm,51,30700,1.568,-0.185
122,2026-06-24,8035,東京エレクトロン,short,medium,12:29,70130.0,13:18,69078.1,29455,1.500,TP,ダウ理論: 直近安値更新 (下落トレンド継続)｜[信頼度：中] トレンド一致・勢い一致・出来高薄,true,pm,49,2800,1.526,0.000
114,2026-06-24,5803,フジクラ,short,medium,13:00,6237.0,13:28,6185.0,16640,0.834,EOD,ダウ理論: 直近安値更新 (下落トレンド継続)｜[信頼度：中] トレンド一致・勢い一致・出来高薄,true,pm,28,32000,1.411,0.000
124,2026-06-24,8316,三井住友FG,short,medium,13:00,6361.0,13:28,6355.0,1884,0.094,EOD,ダウ理論: 直近安値更新 (下落トレンド継続)｜[信頼度：中] トレンド一致・勢い一致・出来高薄,false,pm,28,31400,0.220,-0.094
115,2026-06-24,6976,太陽誘電,short,medium,13:01,16590.0,13:27,16672.9,-9954,-0.500,SL,大台割れ (16600円割り込み)｜[信頼度：中] トレンド一致・勢い一致・出来高薄,false,pm,26,12000,0.332,-0.663
111,2026-06-24,6920,レーザーテック,short,medium,13:02,50760.0,13:28,50200.0,21840,1.103,EOD,大台割れ (50800円割り込み)｜[信頼度：中] トレンド一致・勢い一致・出来高薄,true,pm,26,3900,1.379,-0.039
116,2026-06-24,6981,村田製作所,short,medium,13:02,10885.0,13:28,10860.0,4575,0.230,EOD,大台割れ (10900円割り込み)｜[信頼度：中] トレンド一致・勢い一致・出来高薄,true,pm,26,18300,0.689,-0.322
117,2026-06-24,6526,ソシオネクスト,short,medium,13:02,2654.0,13:20,2614.2,29977,1.500,TP,ダウ理論: 直近安値更新 (下落トレンド継続)｜[信頼度：中] トレンド一致・勢い一致・出来高薄,true,pm,18,75300,1.620,0.000
121,2026-06-24,7011,三菱重工業,short,medium,13:04,3764.0,13:28,3755.0,4779,0.239,EOD,ダウ理論: 直近安値更新 (下落トレンド継続)｜[信頼度：中] トレンド一致・勢い一致・出来高薄,true,pm,24,53100,0.505,0.000
123,2026-06-24,8035,東京エレクトロン,short,medium,13:18,69060.0,13:28,68860.0,5600,0.290,EOD,ダウ理論: 直近安値更新 (下落トレンド継続)｜[信頼度：中] トレンド一致・勢い一致・出来高薄,false,pm,10,2800,0.420,0.000
118,2026-06-24,6526,ソシオネクスト,short,medium,13:20,2611.0,13:28,2619.5,-6503,-0.326,EOD,ダウ理論: 直近安値更新 (下落トレンド継続)｜[信頼度：中] トレンド一致・勢い一致・出来高薄,false,pm,8,76500,0.479,-0.326
120,2026-06-24,9984,ソフトバンクG,short,medium,13:20,6402.0,13:28,6396.0,1872,0.094,EOD,ダウ理論: 直近安値更新 (下落トレンド継続)｜[信頼度：中] トレンド一致・勢い一致・出来高薄,true,pm,8,31200,0.625,0.000
138,2026-06-25,6857,アドバンテスト,long,strong,09:08,33440.0,09:09,33440.0,0,0.000,BE,大台超え (33400円突破)｜[信頼度：強] トレンド一致・勢い一致・出来高増,true,am,1,5900,0.837,-0.030
139,2026-06-25,6857,アドバンテスト,long,strong,09:10,33980.0,09:12,33810.1,-9854,-0.500,SL,大台超え (33900円突破)｜[信頼度：強] トレンド一致・勢い一致・出来高増,false,am,2,5800,0.088,-0.677
147,2026-06-25,5803,フジクラ,long,strong,09:12,6635.0,09:13,6601.8,-9986,-0.500,SL,大台超え (6600円突破)｜[信頼度：強] トレンド一致・勢い一致・出来高増,false,am,1,30100,0.045,-0.723
161,2026-06-25,6976,太陽誘電,long,strong,09:14,17520.0,09:15,17432.4,-9986,-0.500,SL,大台超え (17500円突破)｜[信頼度：強] トレンド一致・勢い一致・出来高増,false,am,1,11400,0.285,-0.970
172,2026-06-25,6981,村田製作所,long,strong,09:17,11270.0,09:18,11270.0,0,0.000,BE,VWAP反発（押し目買い）(VWAP:11239.3)｜[信頼度：強] トレンド一致・勢い一致・出来高増,true,am,1,17700,1.375,0.000
173,2026-06-25,6981,村田製作所,long,strong,09:18,11410.0,09:20,11353.0,-9984,-0.500,SL,大台超え (11400円突破)｜[信頼度：強] トレンド一致・勢い一致・出来高増,false,am,2,17500,0.482,-0.526
125,2026-06-25,6920,レーザーテック,short,medium,09:20,51360.0,09:21,51616.8,-9758,-0.500,SL,大台割れ (51400円割り込み)｜[信頼度：中] トレンド一致・勢い一致・出来高薄,false,am,1,3800,0.078,-0.818
190,2026-06-25,9984,ソフトバンクG,short,strong,09:20,6481.0,09:34,6481.0,0,0.000,BE,大台割れ (6500円割り込み)｜[信頼度：強] トレンド一致・勢い一致・出来高増,true,am,14,30800,1.219,-0.201
162,2026-06-25,6976,太陽誘電,long,strong,09:21,18045.0,09:22,18045.0,0,0.000,BE,大台超え (18000円突破)｜[信頼度：強] トレンド一致・勢い一致・出来高増,true,am,1,11000,0.970,-0.055
174,2026-06-25,6981,村田製作所,long,strong,09:21,11505.0,09:22,11505.0,0,0.000,BE,大台超え (11500円突破)｜[信頼度：強] トレンド一致・勢い一致・出来高増,true,am,1,17300,0.826,-0.087
182,2026-06-25,6526,ソシオネクスト,short,strong,09:21,2598.0,09:24,2598.0,0,0.000,BE,大台割れ (2600円割り込み)｜[信頼度：強] トレンド一致・勢い一致・出来高増,true,am,3,76900,1.193,-0.173
163,2026-06-25,6976,太陽誘電,long,strong,09:22,18175.0,09:25,18084.1,-9996,-0.500,SL,大台超え (18100円突破)｜[信頼度：強] トレンド一致・勢い一致・出来高増,false,am,3,11000,0.303,-2.944
197,2026-06-25,7011,三菱重工業,short,strong,09:22,3688.0,10:29,3632.7,29983,1.500,TP,大台割れ (3700円割り込み)｜[信頼度：強] トレンド一致・勢い一致・出来高増,true,am,67,54200,1.518,-0.054
140,2026-06-25,6857,アドバンテスト,long,strong,09:23,34190.0,09:24,34019.1,-9915,-0.500,SL,大台超え (34100円突破)｜[信頼度：強] トレンド一致・勢い一致・出来高増,false,am,1,5800,0.029,-0.731
126,2026-06-25,6920,レーザーテック,short,strong,09:25,51100.0,09:26,51355.5,-9964,-0.500,SL,大台割れ (51200円割り込み)｜[信頼度：強] トレンド一致・勢い一致・出来高増,false,am,1,3900,0.020,-0.861
206,2026-06-25,8316,三井住友FG,short,strong,09:26,6333.0,09:53,6364.7,-9974,-0.500,SL,ダウ理論: 直近安値更新 (下落トレンド継続)｜[信頼度：強] トレンド一致・勢い一致・出来高増,false,am,27,31500,0.205,-0.505
127,2026-06-25,6920,レーザーテック,short,medium,09:29,51140.0,09:30,51395.7,-9972,-0.500,SL,大台割れ (51200円割り込み)｜[信頼度：中] トレンド一致・勢い一致・出来高薄,false,am,1,3900,0.000,-0.626
128,2026-06-25,6920,レーザーテック,short,medium,09:31,51250.0,09:36,51506.2,-9994,-0.500,SL,大台割れ (51300円割り込み)｜[信頼度：中] トレンド一致・勢い一致・出来高薄,false,am,5,3900,0.429,-0.722
141,2026-06-25,6857,アドバンテスト,long,strong,09:31,34170.0,09:35,33999.2,-9909,-0.500,SL,ダウ理論: 直近高値更新 (上昇トレンド継続)｜[信頼度：強] トレンド一致・勢い一致・出来高増,false,am,4,5800,0.176,-0.995
148,2026-06-25,5803,フジクラ,short,strong,09:32,6387.0,09:33,6418.9,-9996,-0.500,SL,ダウ理論: 直近安値更新 (下落トレンド継続)｜[信頼度：強] トレンド一致・勢い一致・出来高増,false,am,1,31300,0.016,-0.642
200,2026-06-25,8035,東京エレクトロン,short,medium,09:32,73720.0,09:36,74088.6,-9952,-0.500,SL,大台割れ (73800円割り込み)｜[信頼度：中] トレンド一致・勢い一致・出来高薄,false,am,4,2700,0.271,-0.583
149,2026-06-25,5803,フジクラ,short,medium,09:33,6406.0,09:34,6438.0,-9993,-0.500,SL,ダウ理論: 直近安値更新 (下落トレンド継続)｜[信頼度：中] トレンド一致・勢い一致・出来高薄,false,am,1,31200,0.078,-0.624
183,2026-06-25,6526,ソシオネクスト,short,medium,09:33,2561.5,09:35,2574.3,-9990,-0.500,SL,ダウ理論: 直近安値更新 (下落トレンド継続)｜[信頼度：中] トレンド一致・勢い一致・出来高薄,false,am,2,78000,0.059,-0.839
164,2026-06-25,6976,太陽誘電,long,strong,09:37,18165.0,09:38,18074.2,-9991,-0.500,SL,大台超え (18100円突破)｜[信頼度：強] トレンド一致・勢い一致・出来高増,false,am,1,11000,0.303,-0.963
184,2026-06-25,6526,ソシオネクスト,short,medium,09:40,2589.0,09:42,2601.9,-9994,-0.500,SL,大台割れ (2600円割り込み)｜[信頼度：中] トレンド一致・勢い一致・出来高薄,false,am,2,77200,0.174,-0.502
150,2026-06-25,5803,フジクラ,short,strong,09:44,6394.0,09:46,6394.0,0,0.000,BE,ダウ理論: 直近安値更新 (下落トレンド継続)｜[信頼度：強] トレンド一致・勢い一致・出来高増,true,am,2,31200,0.516,-0.375
151,2026-06-25,5803,フジクラ,short,strong,09:46,6378.0,09:49,6409.9,-9982,-0.500,SL,ダウ理論: 直近安値更新 (下落トレンド継続)｜[信頼度：強] トレンド一致・勢い一致・出来高増,false,am,3,31300,0.125,-0.690
201,2026-06-25,8035,東京エレクトロン,short,medium,09:46,73610.0,09:51,73978.0,-9937,-0.500,SL,ダウ理論: 直近安値更新 (下落トレンド継続)｜[信頼度：中] トレンド一致・勢い一致・出来高薄,false,am,5,2700,0.204,-0.706
129,2026-06-25,6920,レーザーテック,long,strong,09:50,51960.0,09:53,51960.0,0,0.000,BE,大台超え (51900円突破)｜[信頼度：強] トレンド一致・勢い一致・出来高増,true,am,3,3800,0.712,-0.115
142,2026-06-25,6857,アドバンテスト,long,strong,09:50,34050.0,10:26,34560.8,29624,1.500,TP,大台超え (34000円突破)｜[信頼度：強] トレンド一致・勢い一致・出来高増,true,am,36,5800,1.527,-0.411
165,2026-06-25,6976,太陽誘電,long,strong,09:51,18310.0,09:53,18310.0,0,0.000,BE,大台超え (18300円突破)｜[信頼度：強] トレンド一致・勢い一致・出来高増,true,am,2,10900,0.601,-0.300
175,2026-06-25,6981,村田製作所,long,strong,09:51,11655.0,09:52,11655.0,0,0.000,BE,ダウ理論: 直近高値更新 (上昇トレンド継続)｜[信頼度：強] トレンド一致・勢い一致・出来高増,true,am,1,17100,0.644,-0.472
191,2026-06-25,9984,ソフトバンクG,long,strong,09:51,6589.0,10:33,6687.8,29947,1.500,TP,ダウ理論: 直近高値更新 (上昇トレンド継続)｜[信頼度：強] トレンド一致・勢い一致・出来高増,true,am,42,30300,1.806,-0.015
176,2026-06-25,6981,村田製作所,long,strong,09:52,11635.0,09:58,11635.0,0,0.000,BE,ダウ理論: 直近高値更新 (上昇トレンド継続)｜[信頼度：強] トレンド一致・勢い一致・出来高増,true,am,6,17100,0.859,-0.129
130,2026-06-25,6920,レーザーテック,long,strong,09:53,52330.0,10:14,52330.0,0,0.000,BE,ダウ理論: 直近高値更新 (上昇トレンド継続)｜[信頼度：強] トレンド一致・勢い一致・出来高増,true,am,21,3800,0.975,-0.210
166,2026-06-25,6976,太陽誘電,long,strong,09:57,18440.0,10:04,18440.0,0,0.000,BE,ダウ理論: 直近高値更新 (上昇トレンド継続)｜[信頼度：強] トレンド一致・勢い一致・出来高増,true,am,7,10800,0.868,-0.190
207,2026-06-25,8316,三井住友FG,long,strong,10:00,6380.0,10:23,6380.0,0,0.000,BE,ダウ理論: 直近高値更新 (上昇トレンド継続)｜[信頼度：強] トレンド一致・勢い一致・出来高増,true,am,23,31300,0.564,-0.031
202,2026-06-25,8035,東京エレクトロン,long,strong,10:02,74380.0,10:31,74380.0,0,0.000,BE,ダウ理論: 直近高値更新 (上昇トレンド継続)｜[信頼度：強] トレンド一致・勢い一致・出来高増,true,am,29,2600,0.632,-0.471
152,2026-06-25,5803,フジクラ,short,strong,10:03,6360.0,10:04,6360.0,0,0.000,BE,ダウ理論: 直近安値更新 (下落トレンド継続)｜[信頼度：強] トレンド一致・勢い一致・出来高増,true,am,1,31400,0.582,-0.016
153,2026-06-25,5803,フジクラ,short,strong,10:04,6339.0,10:11,6339.0,0,0.000,BE,ダウ理論: 直近安値更新 (下落トレンド継続)｜[信頼度：強] トレンド一致・勢い一致・出来高増,true,am,7,31500,0.505,-0.394
177,2026-06-25,6981,村田製作所,long,strong,10:06,11700.0,10:15,11641.5,-9945,-0.500,SL,ダウ理論: 直近高値更新 (上昇トレンド継続)｜[信頼度：強] トレンド一致・勢い一致・出来高増,false,am,9,17000,0.342,-0.513
185,2026-06-25,6526,ソシオネクスト,short,medium,10:07,2598.5,10:12,2611.5,-9991,-0.500,SL,大台割れ (2600円割り込み)｜[信頼度：中] トレンド一致・勢い一致・出来高薄,false,am,5,76900,0.077,-0.500
131,2026-06-25,6920,レーザーテック,long,strong,10:23,52600.0,10:31,52337.0,-9994,-0.500,SL,大台超え (52600円突破)｜[信頼度：強] トレンド一致・勢い一致・出来高増,false,am,8,3800,0.057,-0.532
154,2026-06-25,5803,フジクラ,short,medium,10:25,6366.0,10:34,6397.8,-9995,-0.500,SL,三尊（ヘッド&ショルダー）(ネックライン:6370.0円割れ)｜[信頼度：中] トレンド一致・勢い一致・出来高薄,false,am,9,31400,0.110,-0.597
208,2026-06-25,8316,三井住友FG,short,medium,10:28,6384.0,15:03,6384.0,0,0.000,BE,三尊（ヘッド&ショルダー）(ネックライン:6394.5円割れ)｜[信頼度：中] トレンド一致・勢い一致・出来高薄,true,pm,270,31300,0.752,-0.204
198,2026-06-25,7011,三菱重工業,short,strong,10:29,3635.0,10:57,3653.2,-9996,-0.500,SL,ダウ理論: 直近安値更新 (下落トレンド継続)｜[信頼度：強] トレンド一致・勢い一致・出来高増,false,am,28,55000,0.138,-0.578
167,2026-06-25,6976,太陽誘電,long,strong,10:30,18585.0,10:41,18585.0,0,0.000,BE,ダウ理論: 直近高値更新 (上昇トレンド継続)｜[信頼度：強] トレンド一致・勢い一致・出来高増,true,am,11,10700,0.592,-0.296
132,2026-06-25,6920,レーザーテック,short,strong,10:31,52320.0,10:37,52581.6,-9941,-0.500,SL,大台割れ (52400円割り込み)｜[信頼度：強] トレンド一致・勢い一致・出来高増,false,am,6,3800,0.478,-0.573
192,2026-06-25,9984,ソフトバンクG,long,strong,10:33,6699.0,10:46,6699.0,0,0.000,BE,ダウ理論: 直近高値更新 (上昇トレンド継続)｜[信頼度：強] トレンド一致・勢い一致・出来高増,true,am,13,29800,1.075,-0.090
155,2026-06-25,5803,フジクラ,long,strong,10:34,6401.0,10:39,6369.0,-9986,-0.500,SL,大台超え (6400円突破)｜[信頼度：強] トレンド一致・勢い一致・出来高増,false,am,5,31200,0.016,-0.594
178,2026-06-25,6981,村田製作所,long,strong,10:34,11745.0,10:42,11686.3,-9983,-0.500,SL,ダウ理論: 直近高値更新 (上昇トレンド継続)｜[信頼度：強] トレンド一致・勢い一致・出来高増,false,am,8,17000,0.298,-1.064
143,2026-06-25,6857,アドバンテスト,long,strong,10:36,34640.0,11:29,35159.6,29617,1.500,TP,ダウ理論: 直近高値更新 (上昇トレンド継続)｜[信頼度：強] トレンド一致・勢い一致・出来高増,true,am,53,5700,1.559,-0.144
203,2026-06-25,8035,東京エレクトロン,long,strong,10:38,74810.0,13:13,74810.0,0,0.000,BE,大台超え (74800円突破)｜[信頼度：強] トレンド一致・勢い一致・出来高増,true,pm,150,2600,1.390,-0.321
156,2026-06-25,5803,フジクラ,short,medium,10:40,6362.0,10:43,6393.8,-9988,-0.500,SL,三尊（ヘッド&ショルダー）(ネックライン:6368.0円割れ)｜[信頼度：中] トレンド一致・勢い一致・出来高薄,false,am,3,31400,0.063,-0.534
186,2026-06-25,6526,ソシオネクスト,short,medium,10:42,2613.0,10:49,2613.0,0,0.000,BE,ダウ理論: 直近安値更新 (下落トレンド継続)｜[信頼度：中] トレンド一致・勢い一致・出来高薄,true,am,7,76500,0.574,-0.115
133,2026-06-25,6920,レーザーテック,long,strong,10:43,52630.0,11:05,53419.4,29999,1.500,TP,ダウ理論: 直近高値更新 (上昇トレンド継続)｜[信頼度：強] トレンド一致・勢い一致・出来高増,true,am,22,3800,1.501,-0.247
193,2026-06-25,9984,ソフトバンクG,long,strong,10:52,6780.0,10:59,6746.1,-9967,-0.500,SL,ダウ理論: 直近高値更新 (上昇トレンド継続)｜[信頼度：強] トレンド一致・勢い一致・出来高増,false,am,7,29400,0.192,-0.501
199,2026-06-25,7011,三菱重工業,short,medium,10:57,3651.0,15:20,3624.0,14769,0.740,TIME,弱気はらみ線 (天井反転の兆し, RSI:56.90067710223741%)｜[信頼度：中] トレンド一致・勢い不一致・出来高増,true,pm,258,54700,1.096,-0.301
168,2026-06-25,6976,太陽誘電,long,strong,10:59,18675.0,11:05,18675.0,0,0.000,BE,ダウ理論: 直近高値更新 (上昇トレンド継続)｜[信頼度：強] トレンド一致・勢い一致・出来高増,true,am,6,10700,0.723,-0.402
194,2026-06-25,9984,ソフトバンクG,long,strong,13:01,6948.0,13:46,7052.2,29911,1.500,TP,ダウ理論: 直近高値更新 (上昇トレンド継続)｜[信頼度：強] トレンド一致・勢い一致・出来高増,true,pm,45,28700,1.540,-0.144
169,2026-06-25,6976,太陽誘電,short,strong,13:03,18675.0,13:23,18675.0,0,0.000,BE,ダウ理論: 直近安値更新 (下落トレンド継続)｜[信頼度：強] トレンド一致・勢い一致・出来高増,true,pm,20,10700,0.884,-0.214
157,2026-06-25,5803,フジクラ,short,medium,13:04,6349.0,13:14,6380.7,-10000,-0.500,SL,ダウ理論: 直近安値更新 (下落トレンド継続)｜[信頼度：中] トレンド一致・勢い一致・出来高薄,false,pm,10,31500,0.221,-0.536
187,2026-06-25,6526,ソシオネクスト,short,medium,13:04,2663.0,13:50,2676.3,-10000,-0.500,SL,下落相場の戻り売り (RSI:52.93386067923239% · MA25以下)｜[信頼度：中] トレンド一致・勢い不一致・出来高増,false,pm,46,75100,0.488,-0.676
134,2026-06-25,6920,レーザーテック,long,strong,13:05,52690.0,13:17,52426.6,-9748,-0.500,SL,強気はらみ線 (底値反転の兆し, RSI:40.992604805667455%)｜[信頼度：強] トレンド一致・勢い一致・出来高増,false,pm,12,3700,0.076,-0.512
179,2026-06-25,6981,村田製作所,short,medium,13:07,11680.0,13:23,11738.4,-9986,-0.500,SL,大台割れ (11700円割り込み)｜[信頼度：中] トレンド一致・勢い一致・出来高薄,false,pm,16,17100,0.257,-0.557
136,2026-06-25,6920,レーザーテック,short,medium,13:10,52610.0,14:11,52873.0,-9996,-0.500,SL,大台割れ (52700円割り込み)｜[信頼度：中] トレンド一致・勢い一致・出来高薄,false,pm,61,3800,0.361,-0.627
204,2026-06-25,8035,東京エレクトロン,short,strong,13:17,74560.0,13:48,74932.8,-9693,-0.500,SL,ダウ理論: 直近安値更新 (下落トレンド継続)｜[信頼度：強] トレンド一致・勢い一致・出来高増,false,pm,31,2600,0.080,-0.550
180,2026-06-25,6981,村田製作所,long,strong,13:24,11725.0,14:00,11900.9,29899,1.500,TP,ダブルボトム (ネックライン:11705.0円突破)｜[信頼度：強] トレンド一致・勢い一致・出来高増,true,pm,36,17000,1.663,-0.469
144,2026-06-25,6857,アドバンテスト,short,medium,13:25,35240.0,13:54,35240.0,0,0.000,BE,ダウ理論: 直近安値更新 (下落トレンド継続)｜[信頼度：中] トレンド一致・勢い一致・出来高薄,true,pm,29,5600,0.624,-0.085
135,2026-06-25,6920,レーザーテック,long,strong,13:27,52770.0,13:31,52506.2,-9762,-0.500,SL,大台超え (52700円突破)｜[信頼度：強] トレンド一致・勢い一致・出来高増,false,pm,4,3700,0.000,-0.587
158,2026-06-25,5803,フジクラ,short,strong,13:30,6344.0,13:38,6375.7,-9992,-0.500,SL,ダウ理論: 直近安値更新 (下落トレンド継続)｜[信頼度：強] トレンド一致・勢い一致・出来高増,false,pm,8,31500,0.126,-0.504
205,2026-06-25,8035,東京エレクトロン,long,strong,13:45,74730.0,15:20,75630.0,23400,1.204,TIME,大台超え (74700円突破)｜[信頼度：強] トレンド一致・勢い一致・出来高増,true,pm,95,2600,1.285,0.000
195,2026-06-25,9984,ソフトバンクG,long,strong,13:46,7050.0,14:13,7155.7,29927,1.500,TP,ダウ理論: 直近高値更新 (上昇トレンド継続)｜[信頼度：強] トレンド一致・勢い一致・出来高増,true,pm,27,28300,1.504,-0.113
137,2026-06-25,6920,レーザーテック,long,strong,13:47,52650.0,15:19,53439.7,29221,1.500,TP,大台超え (52600円突破)｜[信頼度：強] トレンド一致・勢い一致・出来高増,true,pm,92,3700,1.500,-0.228
170,2026-06-25,6976,太陽誘電,long,strong,13:48,18675.0,13:54,18675.0,0,0.000,BE,ダウ理論: 直近高値更新 (上昇トレンド継続)｜[信頼度：強] トレンド一致・勢い一致・出来高増,true,pm,6,10700,0.509,-0.080
189,2026-06-25,6526,ソシオネクスト,long,strong,13:48,2673.0,15:20,2703.5,22814,1.141,TIME,ダウ理論: 直近高値更新 (上昇トレンド継続)｜[信頼度：強] トレンド一致・勢い一致・出来高増,true,pm,92,74800,1.197,-0.131
145,2026-06-25,6857,アドバンテスト,long,strong,13:50,35230.0,14:10,35230.0,0,0.000,BE,ダウ理論: 直近高値更新 (上昇トレンド継続)｜[信頼度：強] トレンド一致・勢い一致・出来高増,true,pm,20,5600,0.568,-0.255
171,2026-06-25,6976,太陽誘電,long,strong,14:00,18740.0,14:30,18740.0,0,0.000,BE,ダウ理論: 直近高値更新 (上昇トレンド継続)｜[信頼度：強] トレンド一致・勢い一致・出来高増,true,pm,30,10600,0.560,-0.133
181,2026-06-25,6981,村田製作所,long,strong,14:00,11890.0,14:26,11830.5,-9988,-0.500,SL,ダウ理論: 直近高値更新 (上昇トレンド継続)｜[信頼度：強] トレンド一致・勢い一致・出来高増,false,pm,26,16800,0.252,-0.505
159,2026-06-25,5803,フジクラ,short,strong,14:02,6358.0,14:13,6389.8,-9982,-0.500,SL,ダウ理論: 直近安値更新 (下落トレンド継続)｜[信頼度：強] トレンド一致・勢い一致・出来高増,false,pm,11,31400,0.031,-0.723
196,2026-06-25,9984,ソフトバンクG,long,strong,14:15,7161.0,14:28,7125.2,-9990,-0.500,SL,ダウ理論: 直近高値更新 (上昇トレンド継続)｜[信頼度：強] トレンド一致・勢い一致・出来高増,false,pm,13,27900,0.377,-0.656
160,2026-06-25,5803,フジクラ,short,medium,14:18,6389.0,15:08,6389.0,0,0.000,BE,大台割れ (6400円割り込み)｜[信頼度：中] トレンド一致・勢い一致・出来高薄,true,pm,50,31300,1.362,-0.063
188,2026-06-25,6526,ソシオネクスト,short,medium,14:25,2676.0,14:58,2689.4,-9995,-0.500,SL,ダウ理論: 直近安値更新 (下落トレンド継続)｜[信頼度：中] トレンド一致・勢い不一致・出来高増,false,pm,33,74700,0.243,-0.803
146,2026-06-25,6857,アドバンテスト,long,strong,14:27,35340.0,15:10,35870.1,29686,1.500,TP,大台超え (35300円突破)｜[信頼度：強] トレンド一致・勢い一致・出来高増,true,pm,43,5600,1.528,-0.028
248,2026-06-26,6976,太陽誘電,short,medium,09:06,17785.0,09:07,17785.0,0,0.000,BE,大台割れ (17800円割り込み)｜[信頼度：中] トレンド一致・勢い一致・出来高薄,true,am,1,11200,0.618,-0.084
238,2026-06-26,5803,フジクラ,short,medium,09:15,6441.0,09:18,6473.2,-9984,-0.500,SL,弱気はらみ線 (天井反転の兆し, RSI:55.985985106429716%)｜[信頼度：中] トレンド一致・勢い不一致・出来高増,false,am,3,31000,0.233,-0.699
209,2026-06-26,6920,レーザーテック,short,strong,09:16,50980.0,09:18,50980.0,0,0.000,BE,大台割れ (51000円割り込み)｜[信頼度：強] トレンド一致・勢い一致・出来高増,true,am,2,3900,0.726,-0.314
302,2026-06-26,8035,東京エレクトロン,short,medium,09:16,73060.0,09:17,73425.3,-9863,-0.500,SL,大台割れ (73100円割り込み)｜[信頼度：中] トレンド一致・勢い一致・出来高薄,false,am,1,2700,0.000,-0.547
210,2026-06-26,6920,レーザーテック,short,strong,09:18,50620.0,09:26,50620.0,0,0.000,BE,大台割れ (50700円割り込み)｜[信頼度：強] トレンド一致・勢い一致・出来高増,true,am,8,3900,0.573,-0.435
221,2026-06-26,6857,アドバンテスト,short,strong,09:18,34270.0,09:26,33755.9,29815,1.500,TP,大台割れ (34300円割り込み)｜[信頼度：強] トレンド一致・勢い一致・出来高増,true,am,8,5800,1.780,0.000
249,2026-06-26,6976,太陽誘電,short,medium,09:18,17540.0,09:25,17276.9,29993,1.500,TP,大台割れ (17600円割り込み)｜[信頼度：中] トレンド一致・勢い一致・出来高薄,true,am,7,11400,1.767,-0.057
303,2026-06-26,8035,東京エレクトロン,short,strong,09:22,73060.0,09:28,73060.0,0,0.000,BE,大台割れ (73100円割り込み)｜[信頼度：強] トレンド一致・勢い一致・出来高増,true,am,6,2700,0.534,-0.575
271,2026-06-26,6981,村田製作所,short,strong,09:24,11250.0,09:28,11250.0,0,0.000,BE,大台割れ (11300円割り込み)｜[信頼度：強] トレンド一致・勢い一致・出来高増,true,am,4,17700,0.933,-0.222
222,2026-06-26,6857,アドバンテスト,short,strong,09:26,33680.0,09:28,33848.4,-9936,-0.500,SL,大台割れ (33700円割り込み)｜[信頼度：強] トレンド一致・勢い一致・出来高増,false,am,2,5900,0.119,-0.831
211,2026-06-26,6920,レーザーテック,long,strong,09:32,51210.0,09:33,50953.9,-9986,-0.500,SL,ゴールデンクロス (MA5:51166 > MA25:51108, 乖離:0.11%)｜[信頼度：強] トレンド一致・勢い一致・出来高増,false,am,1,3900,0.000,-0.644
223,2026-06-26,6857,アドバンテスト,short,medium,09:32,33680.0,09:33,33680.0,0,0.000,BE,大台割れ (33700円割り込み)｜[信頼度：中] トレンド一致・勢い一致・出来高薄,true,am,1,5900,0.505,0.000
250,2026-06-26,6976,太陽誘電,short,medium,09:32,17145.0,09:40,17230.7,-9944,-0.500,SL,大台割れ (17200円割り込み)｜[信頼度：中] トレンド一致・勢い一致・出来高薄,false,am,8,11600,0.437,-1.341
224,2026-06-26,6857,アドバンテスト,short,strong,09:33,33560.0,09:38,33727.8,-9900,-0.500,SL,ダウ理論: 直近安値更新 (下落トレンド継続)｜[信頼度：強] トレンド一致・勢い一致・出来高増,false,am,5,5900,0.238,-0.715
272,2026-06-26,6981,村田製作所,short,medium,09:34,11285.0,09:37,11341.4,-9987,-0.500,SL,大台割れ (11300円割り込み)｜[信頼度：中] トレンド一致・勢い一致・出来高薄,false,am,3,17700,0.443,-0.753
212,2026-06-26,6920,レーザーテック,short,medium,09:39,51080.0,09:59,51080.0,0,0.000,BE,大台割れ (51100円割り込み)｜[信頼度：中] トレンド一致・勢い一致・出来高薄,true,am,20,3900,0.901,-0.489
239,2026-06-26,5803,フジクラ,long,strong,09:39,6498.0,09:41,6465.5,-9974,-0.500,SL,ダウ理論: 直近高値更新 (上昇トレンド継続)｜[信頼度：強] トレンド一致・勢い一致・出来高増,false,am,2,30700,0.477,-0.600
296,2026-06-26,7011,三菱重工業,long,strong,09:40,3614.0,09:46,3595.9,-9993,-0.500,SL,ダウ理論: 直近高値更新 (上昇トレンド継続)｜[信頼度：強] トレンド一致・勢い一致・出来高増,false,am,6,55300,0.332,-0.526
225,2026-06-26,6857,アドバンテスト,short,strong,09:41,33520.0,09:57,33017.2,29665,1.500,TP,ダウ理論: 直近安値更新 (下落トレンド継続)｜[信頼度：強] トレンド一致・勢い一致・出来高増,true,am,16,5900,1.581,-0.328
273,2026-06-26,6981,村田製作所,short,medium,09:41,11335.0,09:42,11391.7,-9975,-0.500,SL,大台割れ (11400円割り込み)｜[信頼度：中] トレンド一致・勢い一致・出来高薄,false,am,1,17600,0.000,-0.706
304,2026-06-26,8035,東京エレクトロン,short,medium,09:41,73660.0,09:45,73660.0,0,0.000,BE,大台割れ (73700円割り込み)｜[信頼度：中] トレンド逆行・勢い一致・出来高増,true,am,4,2700,0.516,-0.190
251,2026-06-26,6976,太陽誘電,short,medium,09:46,17370.0,09:49,17456.8,-9988,-0.500,SL,大台割れ (17400円割り込み)｜[信頼度：中] トレンド一致・勢い一致・出来高薄,false,am,3,11500,0.288,-0.633
240,2026-06-26,5803,フジクラ,long,strong,09:47,6531.0,09:53,6531.0,0,0.000,BE,ダウ理論: 直近高値更新 (上昇トレンド継続)｜[信頼度：強] トレンド一致・勢い一致・出来高増,true,am,6,30600,0.536,-0.291
291,2026-06-26,9984,ソフトバンクG,short,strong,09:49,6322.0,10:33,6227.2,29966,1.500,TP,VWAP反落（戻り売り）(VWAP:6337.8)｜[信頼度：強] トレンド一致・勢い一致・出来高増,true,am,44,31600,1.534,-0.158
252,2026-06-26,6976,太陽誘電,short,medium,09:50,17365.0,09:51,17451.8,-9985,-0.500,SL,大台割れ (17400円割り込み)｜[信頼度：中] トレンド一致・勢い一致・出来高薄,false,am,1,11500,0.000,-0.576
310,2026-06-26,8316,三井住友FG,short,strong,09:50,6356.0,10:15,6387.8,-9979,-0.500,SL,ダウ理論: 直近安値更新 (下落トレンド継続)｜[信頼度：強] トレンド一致・勢い一致・出来高増,false,am,25,31400,0.267,-0.535
226,2026-06-26,6857,アドバンテスト,short,medium,09:57,33080.0,10:01,33245.4,-9924,-0.500,SL,ダウ理論: 直近安値更新 (下落トレンド継続)｜[信頼度：中] トレンド一致・勢い不一致・出来高増,false,am,4,6000,0.091,-0.877
305,2026-06-26,8035,東京エレクトロン,long,strong,10:00,73910.0,10:32,73910.0,0,0.000,BE,大台超え (73900円突破)｜[信頼度：強] トレンド一致・勢い一致・出来高増,true,am,32,2700,0.704,-0.338
274,2026-06-26,6981,村田製作所,long,strong,10:01,11400.0,10:02,11400.0,0,0.000,BE,大台超え (11400円突破)｜[信頼度：強] トレンド一致・勢い一致・出来高増,true,am,1,17500,0.614,-0.044
275,2026-06-26,6981,村田製作所,long,strong,10:02,11440.0,10:05,11382.8,-9953,-0.500,SL,ダウ理論: 直近高値更新 (上昇トレンド継続)｜[信頼度：強] トレンド一致・勢い一致・出来高増,false,am,3,17400,0.131,-1.180
213,2026-06-26,6920,レーザーテック,short,medium,10:04,51030.0,10:16,51285.1,-9951,-0.500,SL,大台割れ (51100円割り込み)｜[信頼度：中] トレンド一致・勢い一致・出来高薄,false,am,12,3900,0.353,-0.627
227,2026-06-26,6857,アドバンテスト,short,medium,10:04,33100.0,10:16,33265.5,-9930,-0.500,SL,大台割れ (33200円割り込み)｜[信頼度：中] トレンド一致・勢い一致・出来高薄,false,am,12,6000,0.393,-0.514
241,2026-06-26,5803,フジクラ,short,medium,10:05,6408.0,10:15,6408.0,0,0.000,BE,ダウ理論: 直近安値更新 (下落トレンド継続)｜[信頼度：中] トレンド一致・勢い一致・出来高薄,true,am,10,31200,0.624,-0.343
253,2026-06-26,6976,太陽誘電,short,strong,10:05,17235.0,10:07,17321.2,-9996,-0.500,SL,ダウ理論: 直近安値更新 (下落トレンド継続)｜[信頼度：強] トレンド一致・勢い一致・出来高増,false,am,2,11600,0.029,-0.609
297,2026-06-26,7011,三菱重工業,short,medium,10:05,3604.0,10:13,3622.0,-9983,-0.500,SL,三尊（ヘッド&ショルダー）(ネックライン:3607.5円割れ)｜[信頼度：中] トレンド一致・勢い一致・出来高薄,false,am,8,55400,0.055,-0.777
276,2026-06-26,6981,村田製作所,short,strong,10:06,11300.0,10:11,11356.5,-9944,-0.500,SL,ダウ理論: 直近安値更新 (下落トレンド継続)｜[信頼度：強] トレンド一致・勢い一致・出来高増,false,am,5,17600,0.354,-0.575
254,2026-06-26,6976,太陽誘電,short,medium,10:08,17270.0,10:11,17356.3,-9930,-0.500,SL,ダウ理論: 直近安値更新 (下落トレンド継続)｜[信頼度：中] トレンド一致・勢い不一致・出来高増,false,am,3,11500,0.261,-0.782
284,2026-06-26,6526,ソシオネクスト,short,medium,10:10,2598.0,10:15,2611.0,-9989,-0.500,SL,大台割れ (2600円割り込み)｜[信頼度：中] トレンド一致・勢い一致・出来高薄,false,am,5,76900,0.154,-0.731
311,2026-06-26,8316,三井住友FG,long,strong,10:10,6376.0,11:25,6344.1,-9978,-0.500,SL,ダウ理論: 直近高値更新 (上昇トレンド継続)｜[信頼度：強] トレンド一致・勢い一致・出来高増,false,am,75,31300,0.345,-0.580
298,2026-06-26,7011,三菱重工業,long,strong,10:13,3628.0,10:21,3609.9,-9995,-0.500,SL,ダウ理論: 直近高値更新 (上昇トレンド継続)｜[信頼度：強] トレンド一致・勢い一致・出来高増,false,am,8,55100,0.303,-0.524
285,2026-06-26,6526,ソシオネクスト,long,strong,10:15,2615.0,10:22,2601.9,-9989,-0.500,SL,ダウ理論: 直近高値更新 (上昇トレンド継続)｜[信頼度：強] トレンド一致・勢い一致・出来高増,false,am,7,76400,0.019,-0.650
214,2026-06-26,6920,レーザーテック,long,strong,10:21,51290.0,10:26,51033.6,-9745,-0.500,SL,ダウ理論: 直近高値更新 (上昇トレンド継続)｜[信頼度：強] トレンド一致・勢い一致・出来高増,false,am,5,3800,0.000,-0.507
228,2026-06-26,6857,アドバンテスト,short,medium,10:21,33290.0,10:33,32790.7,29961,1.500,TP,大台割れ (33300円割り込み)｜[信頼度：中] トレンド一致・勢い一致・出来高薄,true,am,12,6000,1.622,-0.060
255,2026-06-26,6976,太陽誘電,short,medium,10:21,17355.0,10:32,17094.7,29937,1.500,TP,大台割れ (17400円割り込み)｜[信頼度：中] トレンド一致・勢い一致・出来高薄,true,am,11,11500,1.642,-0.029
277,2026-06-26,6981,村田製作所,short,medium,10:21,11375.0,10:54,11204.4,29859,1.500,TP,大台割れ (11400円割り込み)｜[信頼度：中] トレンド逆行・勢い一致・出来高増,true,am,33,17500,1.670,-0.132
215,2026-06-26,6920,レーザーテック,short,medium,10:26,51070.0,11:08,50303.9,29876,1.500,TP,大台割れ (51100円割り込み)｜[信頼度：中] トレンド逆行・勢い一致・出来高増,true,am,42,3900,1.566,-0.313
242,2026-06-26,5803,フジクラ,short,strong,10:26,6392.0,10:32,6392.0,0,0.000,BE,大台割れ (6400円割り込み)｜[信頼度：強] トレンド一致・勢い一致・出来高増,true,am,6,31200,0.626,-0.188
286,2026-06-26,6526,ソシオネクスト,short,strong,10:26,2596.5,10:38,2596.5,0,0.000,BE,ダウ理論: 直近安値更新 (下落トレンド継続)｜[信頼度：強] トレンド一致・勢い一致・出来高増,true,am,12,77000,0.635,-0.308
299,2026-06-26,7011,三菱重工業,short,medium,10:26,3602.0,12:30,3548.0,29987,1.500,TP,三尊（ヘッド&ショルダー）(ネックライン:3605.5円割れ)｜[信頼度：中] トレンド一致・勢い一致・出来高薄,true,pm,64,55500,1.749,-0.222
243,2026-06-26,5803,フジクラ,short,strong,10:32,6355.0,10:48,6355.0,0,0.000,BE,ダウ理論: 直近安値更新 (下落トレンド継続)｜[信頼度：強] トレンド一致・勢い一致・出来高増,true,am,16,31400,0.551,-0.488
256,2026-06-26,6976,太陽誘電,short,strong,10:32,17085.0,10:55,16828.7,29984,1.500,TP,ダウ理論: 直近安値更新 (下落トレンド継続)｜[信頼度：強] トレンド一致・勢い一致・出来高増,true,am,23,11700,1.551,-0.380
306,2026-06-26,8035,東京エレクトロン,short,strong,10:32,73700.0,10:37,73700.0,0,0.000,BE,ダウ理論: 直近安値更新 (下落トレンド継続)｜[信頼度：強] トレンド一致・勢い一致・出来高増,true,am,5,2700,0.502,-0.190
229,2026-06-26,6857,アドバンテスト,short,strong,10:33,32760.0,12:30,32268.6,29975,1.500,TP,ダウ理論: 直近安値更新 (下落トレンド継続)｜[信頼度：強] トレンド一致・勢い一致・出来高増,true,pm,57,6100,2.686,-0.488
292,2026-06-26,9984,ソフトバンクG,short,strong,10:33,6225.0,10:58,6256.1,-9991,-0.500,SL,ダウ理論: 直近安値更新 (下落トレンド継続)｜[信頼度：強] トレンド一致・勢い一致・出来高増,false,am,25,32100,0.402,-0.643
307,2026-06-26,8035,東京エレクトロン,short,medium,10:42,73550.0,12:30,72446.8,29788,1.500,TP,大台割れ (73600円割り込み)｜[信頼度：中] トレンド一致・勢い一致・出来高薄,true,pm,48,2700,2.719,-0.476
244,2026-06-26,5803,フジクラ,short,strong,10:49,6313.0,11:06,6218.3,29924,1.500,TP,ダウ理論: 直近安値更新 (下落トレンド継続)｜[信頼度：強] トレンド一致・勢い一致・出来高増,true,am,17,31600,1.600,-0.412
278,2026-06-26,6981,村田製作所,short,strong,10:54,11195.0,10:59,11195.0,0,0.000,BE,ダウ理論: 直近安値更新 (下落トレンド継続)｜[信頼度：強] トレンド一致・勢い一致・出来高増,true,am,5,17800,0.581,-0.134
287,2026-06-26,6526,ソシオネクスト,short,strong,10:54,2583.5,11:25,2544.7,29994,1.500,TP,VWAPクロス下抜け (VWAP:2586.9)｜[信頼度：強] トレンド一致・勢い一致・出来高増,true,am,31,77400,1.742,0.000
257,2026-06-26,6976,太陽誘電,short,strong,10:55,16850.0,10:59,16850.0,0,0.000,BE,ダウ理論: 直近安値更新 (下落トレンド継続)｜[信頼度：強] トレンド一致・勢い一致・出来高増,true,am,4,11800,0.682,-0.148
312,2026-06-26,8316,三井住友FG,short,strong,10:56,6359.0,13:08,6359.0,0,0.000,BE,ダウ理論: 直近安値更新 (下落トレンド継続)｜[信頼度：強] トレンド一致・勢い一致・出来高増,true,pm,72,31400,0.755,-0.157
293,2026-06-26,9984,ソフトバンクG,short,medium,10:58,6253.0,11:02,6284.3,-9974,-0.500,SL,長い上ヒゲ (天井シグナル, RSI:58.88365822902285%)｜[信頼度：中] トレンド一致・勢い不一致・出来高増,false,am,4,31900,0.096,-0.672
258,2026-06-26,6976,太陽誘電,short,medium,10:59,16860.0,11:24,16607.1,29842,1.500,TP,ダウ理論: 直近安値更新 (下落トレンド継続)｜[信頼度：中] トレンド一致・勢い不一致・出来高増,true,am,25,11800,1.542,-0.267
216,2026-06-26,6920,レーザーテック,long,strong,13:00,50150.0,13:19,50150.0,0,0.000,BE,ダウ理論: 直近高値更新 (上昇トレンド継続)｜[信頼度：強] トレンド一致・勢い一致・出来高増,true,pm,19,3900,0.837,-0.399
230,2026-06-26,6857,アドバンテスト,short,medium,13:00,32290.0,13:16,32451.4,-9848,-0.500,SL,長い上ヒゲ (天井シグナル, RSI:60.62934255822051%)｜[信頼度：中] トレンド一致・勢い不一致・出来高増,false,pm,16,6100,0.434,-0.588
259,2026-06-26,6976,太陽誘電,short,medium,13:00,15690.0,13:01,15768.4,-9963,-0.500,SL,大台割れ (15700円割り込み)｜[信頼度：中] トレンド一致・勢い一致・出来高薄,false,pm,1,12700,0.032,-0.510
314,2026-06-26,8316,三井住友FG,long,strong,13:00,6345.0,15:01,6345.0,0,0.000,BE,ダウ理論: 直近高値更新 (上昇トレンド継続)｜[信頼度：強] トレンド一致・勢い一致・出来高増,true,pm,121,31500,0.804,-0.110
279,2026-06-26,6981,村田製作所,short,medium,13:02,10695.0,13:03,10748.5,-10000,-0.500,SL,大台割れ (10700円割り込み)｜[信頼度：中] トレンド一致・勢い一致・出来高薄,false,pm,1,18700,0.281,-0.701
288,2026-06-26,6526,ソシオネクスト,long,strong,13:05,2510.0,13:24,2510.0,0,0.000,BE,ダウ理論: 直近高値更新 (上昇トレンド継続)｜[信頼度：強] トレンド一致・勢い一致・出来高増,true,pm,19,79600,1.096,-0.080
260,2026-06-26,6976,太陽誘電,short,strong,13:06,15650.0,13:07,15728.2,-9938,-0.500,SL,大台割れ (15700円割り込み)｜[信頼度：強] トレンド一致・勢い一致・出来高増,false,pm,1,12700,0.000,-0.575
231,2026-06-26,6857,アドバンテスト,long,strong,13:08,32400.0,13:25,32238.0,-9882,-0.500,SL,ダウ理論: 直近高値更新 (上昇トレンド継続)｜[信頼度：強] トレンド一致・勢い一致・出来高増,false,pm,17,6100,0.247,-0.556
245,2026-06-26,5803,フジクラ,long,strong,13:12,6234.0,13:22,6202.8,-9974,-0.500,SL,ダウ理論: 直近高値更新 (上昇トレンド継続)｜[信頼度：強] トレンド一致・勢い一致・出来高増,false,pm,10,32000,0.241,-0.626
261,2026-06-26,6976,太陽誘電,short,medium,13:12,15765.0,13:15,15843.8,-9932,-0.500,SL,大台割れ (15800円割り込み)｜[信頼度：中] トレンド一致・勢い不一致・出来高増,false,pm,3,12600,0.412,-1.586
262,2026-06-26,6976,太陽誘電,long,strong,13:16,15930.0,13:19,15850.4,-9956,-0.500,SL,ダウ理論: 直近高値更新 (上昇トレンド継続)｜[信頼度：強] トレンド一致・勢い一致・出来高増,false,pm,3,12500,0.063,-0.816
294,2026-06-26,9984,ソフトバンクG,short,medium,13:18,6177.0,14:15,6177.0,0,0.000,BE,弱気はらみ線 (天井反転の兆し, RSI:61.14860505362388%)｜[信頼度：中] トレンド一致・勢い不一致・出来高増,true,pm,57,32300,0.874,-0.146
308,2026-06-26,8035,東京エレクトロン,short,medium,13:18,72580.0,13:47,71491.3,29395,1.500,TP,大台割れ (72600円割り込み)｜[信頼度：中] トレンド逆行・勢い一致・出来高増,true,pm,29,2700,1.502,-0.083
217,2026-06-26,6920,レーザーテック,short,medium,13:19,50170.0,13:53,49417.4,29349,1.500,TP,大台割れ (50200円割り込み)｜[信頼度：中] トレンド逆行・勢い一致・出来高増,true,pm,34,3900,1.674,-0.140
263,2026-06-26,6976,太陽誘電,short,medium,13:19,15845.0,13:20,15924.2,-9982,-0.500,SL,大台割れ (15900円割り込み)｜[信頼度：中] トレンド逆行・勢い一致・出来高増,false,pm,1,12600,0.063,-0.947
246,2026-06-26,5803,フジクラ,short,medium,13:22,6197.0,13:30,6197.0,0,0.000,BE,大台割れ (6200円割り込み)｜[信頼度：中] トレンド逆行・勢い一致・出来高増,true,pm,8,32200,0.758,-0.161
289,2026-06-26,6526,ソシオネクスト,short,medium,13:24,2511.0,14:15,2523.6,-9994,-0.500,SL,三尊（ヘッド&ショルダー）(ネックライン:2521.8円割れ)｜[信頼度：中] トレンド一致・勢い一致・出来高薄,false,pm,51,79600,0.458,-0.657
300,2026-06-26,7011,三菱重工業,short,strong,13:24,3560.0,14:11,3577.8,-9986,-0.500,SL,ダウ理論: 直近安値更新 (下落トレンド継続)｜[信頼度：強] トレンド一致・勢い一致・出来高増,false,pm,47,56100,0.225,-0.562
232,2026-06-26,6857,アドバンテスト,short,medium,13:25,32230.0,13:27,32391.1,-9991,-0.500,SL,大台割れ (32300円割り込み)｜[信頼度：中] トレンド一致・勢い一致・出来高薄,false,pm,2,6200,0.031,-0.590
280,2026-06-26,6981,村田製作所,short,medium,13:26,10795.0,13:52,10633.1,29956,1.500,TP,ダウ理論: 直近安値更新 (下落トレンド継続)｜[信頼度：中] トレンド一致・勢い一致・出来高薄,true,pm,26,18500,1.575,-0.324
233,2026-06-26,6857,アドバンテスト,long,strong,13:30,32480.0,13:34,32317.6,-9906,-0.500,SL,ダウ理論: 直近高値更新 (上昇トレンド継続)｜[信頼度：強] トレンド一致・勢い一致・出来高増,false,pm,4,6100,0.062,-0.677
264,2026-06-26,6976,太陽誘電,long,strong,13:31,16025.0,13:38,15944.9,-9936,-0.500,SL,大台超え (16000円突破)｜[信頼度：強] トレンド一致・勢い一致・出来高増,false,pm,7,12400,0.156,-0.562
234,2026-06-26,6857,アドバンテスト,short,medium,13:33,32360.0,13:53,31874.6,29609,1.500,TP,下落相場の戻り売り (RSI:50.82608292404157% · MA25以下)｜[信頼度：中] トレンド一致・勢い一致・出来高薄,true,pm,20,6100,1.545,0.000
266,2026-06-26,6976,太陽誘電,short,medium,13:33,15990.0,13:41,16069.9,-9994,-0.500,SL,大台割れ (16000円割り込み)｜[信頼度：中] トレンド逆行・勢い一致・出来高増,false,pm,8,12500,0.438,-0.813
247,2026-06-26,5803,フジクラ,short,strong,13:37,6141.0,14:12,6141.0,0,0.000,BE,ダウ理論: 直近安値更新 (下落トレンド継続)｜[信頼度：強] トレンド一致・勢い一致・出来高増,true,pm,35,32500,1.156,-0.358
265,2026-06-26,6976,太陽誘電,long,strong,13:40,16005.0,13:41,16005.0,0,0.000,BE,大台超え (16000円突破)｜[信頼度：強] トレンド一致・勢い一致・出来高増,true,pm,1,12400,0.719,-0.281
267,2026-06-26,6976,太陽誘電,long,strong,13:41,16095.0,13:54,16095.0,0,0.000,BE,ダウ理論: 直近高値更新 (上昇トレンド継続)｜[信頼度：強] トレンド一致・勢い一致・出来高増,true,pm,13,12400,0.652,-0.404
309,2026-06-26,8035,東京エレクトロン,short,strong,13:47,71510.0,14:24,71867.5,-9654,-0.500,SL,ダウ理論: 直近安値更新 (下落トレンド継続)｜[信頼度：強] トレンド一致・勢い一致・出来高増,false,pm,37,2700,0.489,-0.615
313,2026-06-26,8316,三井住友FG,short,medium,13:48,6361.0,14:27,6392.8,-9987,-0.500,SL,VWAPクロス下抜け (VWAP:6361.5)｜[信頼度：中] トレンド逆行・勢い一致・出来高増,false,pm,39,31400,0.110,-0.519
281,2026-06-26,6981,村田製作所,short,strong,13:52,10625.0,13:57,10678.1,-9987,-0.500,SL,ダウ理論: 直近安値更新 (下落トレンド継続)｜[信頼度：強] トレンド一致・勢い一致・出来高増,false,pm,5,18800,0.424,-0.518
218,2026-06-26,6920,レーザーテック,short,strong,13:53,49410.0,14:02,49657.0,-9882,-0.500,SL,ダウ理論: 直近安値更新 (下落トレンド継続)｜[信頼度：強] トレンド一致・勢い一致・出来高増,false,pm,9,4000,0.081,-0.546
235,2026-06-26,6857,アドバンテスト,short,strong,13:53,31910.0,14:02,32069.5,-9892,-0.500,SL,ダウ理論: 直近安値更新 (下落トレンド継続)｜[信頼度：強] トレンド一致・勢い一致・出来高増,false,pm,9,6200,0.063,-0.533
268,2026-06-26,6976,太陽誘電,long,strong,13:54,16195.0,14:07,16437.9,29880,1.500,TP,ダウ理論: 直近高値更新 (上昇トレンド継続)｜[信頼度：強] トレンド一致・勢い一致・出来高増,true,pm,13,12300,1.513,-0.062
236,2026-06-26,6857,アドバンテスト,short,medium,14:03,31980.0,14:13,32139.9,-9914,-0.500,SL,大台割れ (32000円割り込み)｜[信頼度：中] トレンド一致・勢い一致・出来高薄,false,pm,10,6200,0.156,-0.625
269,2026-06-26,6976,太陽誘電,long,strong,14:07,16420.0,14:28,16666.3,29802,1.500,TP,ダウ理論: 直近高値更新 (上昇トレンド継続)｜[信頼度：強] トレンド一致・勢い一致・出来高増,true,pm,21,12100,1.705,-0.426
219,2026-06-26,6920,レーザーテック,short,medium,14:14,49960.0,14:19,50209.8,-9992,-0.500,SL,弱気はらみ線 (天井反転の兆し, RSI:64.44488971349585%)｜[信頼度：中] トレンド一致・勢い不一致・出来高増,false,pm,5,4000,0.120,-0.500
282,2026-06-26,6981,村田製作所,short,strong,14:16,10675.0,14:28,10728.4,-9981,-0.500,SL,大台割れ (10700円割り込み)｜[信頼度：強] トレンド一致・勢い一致・出来高増,false,pm,12,18700,0.141,-0.562
301,2026-06-26,7011,三菱重工業,short,medium,14:16,3581.0,15:20,3557.0,13392,0.670,TIME,VWAPクロス下抜け (VWAP:3584.6)｜[信頼度：中] トレンド逆行・勢い一致・出来高増,true,pm,64,55800,0.866,-0.112
220,2026-06-26,6920,レーザーテック,long,strong,14:17,50080.0,14:44,50080.0,0,0.000,BE,ダウ理論: 直近高値更新 (上昇トレンド継続)｜[信頼度：強] トレンド一致・勢い一致・出来高増,true,pm,27,3900,0.559,-0.220
295,2026-06-26,9984,ソフトバンクG,long,strong,14:23,6181.0,14:38,6181.0,0,0.000,BE,逆三尊（インバースH&S）(ネックライン:6178.0円突破)｜[信頼度：強] トレンド一致・勢い一致・出来高増,true,pm,15,32300,0.744,-0.016
237,2026-06-26,6857,アドバンテスト,long,strong,14:28,32200.0,14:45,32039.0,-9982,-0.500,SL,逆三尊（インバースH&S）(ネックライン:32180.0円突破)｜[信頼度：強] トレンド一致・勢い一致・出来高増,false,pm,17,6200,0.062,-0.590
270,2026-06-26,6976,太陽誘電,long,strong,14:28,16690.0,14:32,16690.0,0,0.000,BE,ダウ理論: 直近高値更新 (上昇トレンド継続)｜[信頼度：強] トレンド一致・勢い一致・出来高増,true,pm,4,11900,0.539,-0.359
283,2026-06-26,6981,村田製作所,short,medium,14:29,10725.0,14:30,10778.6,-9974,-0.500,SL,弱気はらみ線 (天井反転の兆し, RSI:59.040374608577395%)｜[信頼度：中] トレンド一致・勢い不一致・出来高増,false,pm,1,18600,0.000,-0.793
290,2026-06-26,6526,ソシオネクスト,long,strong,14:29,2525.5,14:44,2512.9,-9988,-0.500,SL,ダウ理論: 直近高値更新 (上昇トレンド継続)｜[信頼度：強] トレンド一致・勢い一致・出来高増,false,pm,15,79100,0.475,-0.653
360,2026-06-29,6976,太陽誘電,long,strong,09:05,17480.0,09:05,17392.6,-9964,-0.500,SL,大台超え (17400円突破)｜[信頼度：強] トレンド一致・勢い一致・出来高増,false,am,1,11400,0.372,-0.744
370,2026-06-29,6981,村田製作所,short,strong,09:05,10585.0,09:08,10637.9,-9950,-0.500,SL,大台割れ (10600円割り込み)｜[信頼度：強] トレンド一致・勢い一致・出来高増,false,am,12,18800,0.425,-0.945
425,2026-06-29,8035,東京エレクトロン,short,medium,09:05,72600.0,09:05,72963.0,-9801,-0.500,SL,大台割れ (72700円割り込み)｜[信頼度：中] トレンド一致・勢い一致・出来高薄,false,am,1,2700,0.152,-0.551
315,2026-06-29,6920,レーザーテック,short,medium,09:07,49030.0,09:11,49030.0,0,0.000,BE,大台割れ (49100円割り込み)｜[信頼度：中] トレンド一致・勢い一致・出来高薄,true,am,9,4000,0.612,-0.388
406,2026-06-29,9984,ソフトバンクG,short,medium,09:07,6160.0,09:07,6190.8,-9979,-0.500,SL,ダウ理論: 直近安値更新 (下落トレンド継続)｜[信頼度：中] トレンド一致・勢い一致・出来高薄,false,am,1,32400,0.065,-0.731
426,2026-06-29,8035,東京エレクトロン,short,medium,09:07,72570.0,09:10,72932.8,-9797,-0.500,SL,大台割れ (72600円割り込み)｜[信頼度：中] トレンド一致・勢い一致・出来高薄,false,am,5,2700,0.096,-0.634
342,2026-06-29,5803,フジクラ,short,medium,09:08,5896.0,09:08,5925.5,-9994,-0.500,SL,大台割れ (5900円割り込み)｜[信頼度：中] トレンド一致・勢い一致・出来高薄,false,am,1,33900,0.322,-0.526
371,2026-06-29,6981,村田製作所,long,strong,09:08,10665.0,09:08,10611.7,-9972,-0.500,SL,VWAPクロス上抜け (VWAP:10627.5)｜[信頼度：強] トレンド一致・勢い一致・出来高増,false,am,1,18700,0.188,-0.938
372,2026-06-29,6981,村田製作所,long,strong,09:08,10665.0,09:10,10611.7,-9972,-0.500,SL,VWAP反発（押し目買い）(VWAP:10628.0)｜[信頼度：強] トレンド一致・勢い一致・出来高増,false,am,2,18700,0.422,-0.516
389,2026-06-29,6526,ソシオネクスト,short,medium,09:08,2533.5,09:09,2546.2,-9995,-0.500,SL,ダウ理論: 直近安値更新 (下落トレンド継続)｜[信頼度：中] トレンド一致・勢い一致・出来高薄,false,am,2,78900,0.099,-0.572
407,2026-06-29,9984,ソフトバンクG,short,medium,09:08,6150.0,09:11,6180.7,-9994,-0.500,SL,ダウ理論: 直近安値更新 (下落トレンド継続)｜[信頼度：中] トレンド一致・勢い一致・出来高薄,false,am,4,32500,0.455,-0.569
343,2026-06-29,5803,フジクラ,short,medium,09:10,5881.0,09:11,5910.4,-9998,-0.500,SL,ダウ理論: 直近安値更新 (下落トレンド継続)｜[信頼度：中] トレンド一致・勢い一致・出来高薄,false,am,1,34000,0.000,-1.054
427,2026-06-29,8035,東京エレクトロン,long,strong,09:11,73430.0,09:16,73062.9,-9913,-0.500,SL,VWAPクロス上抜け (VWAP:72934.3)｜[信頼度：強] トレンド一致・勢い一致・出来高増,false,am,5,2700,0.354,-0.531
373,2026-06-29,6981,村田製作所,long,strong,09:12,10800.0,09:15,10746.0,-9990,-0.500,SL,ダウ理論: 直近高値更新 (上昇トレンド継続)｜[信頼度：強] トレンド一致・勢い一致・出来高増,false,am,3,18500,0.185,-0.880
390,2026-06-29,6526,ソシオネクスト,long,strong,09:12,2572.5,09:15,2559.6,-9994,-0.500,SL,ゴールデンクロス (MA5:2553.8 > MA25:2549.88, 乖離:0.15%)｜[信頼度：強] トレンド一致・勢い一致・出来高増,false,am,3,77700,0.408,-0.933
316,2026-06-29,6920,レーザーテック,short,medium,09:14,48940.0,09:15,48940.0,0,0.000,BE,大台割れ (49000円割り込み)｜[信頼度：中] トレンド一致・勢い一致・出来高薄,true,am,1,4000,1.063,0.000
329,2026-06-29,6857,アドバンテスト,short,medium,09:14,31820.0,09:15,31820.0,0,0.000,BE,大台割れ (31900円割り込み)｜[信頼度：中] トレンド一致・勢い一致・出来高薄,true,am,1,6200,0.691,-0.031
428,2026-06-29,8035,東京エレクトロン,short,medium,09:14,73400.0,09:18,73767.0,-9909,-0.500,SL,大台割れ (73500円割り込み)｜[信頼度：中] トレンド逆行・勢い一致・出来高増,false,am,4,2700,0.490,-0.586
317,2026-06-29,6920,レーザーテック,short,strong,09:15,48620.0,09:16,48620.0,0,0.000,BE,ダウ理論: 直近安値更新 (下落トレンド継続)｜[信頼度：強] トレンド一致・勢い一致・出来高増,true,am,1,4100,0.843,-0.123
330,2026-06-29,6857,アドバンテスト,short,strong,09:15,31660.0,09:16,31660.0,0,0.000,BE,大台割れ (31700円割り込み)｜[信頼度：強] トレンド一致・勢い一致・出来高増,true,am,1,6300,0.758,-0.063
408,2026-06-29,9984,ソフトバンクG,short,strong,09:15,6108.0,09:16,6108.0,0,0.000,BE,ダウ理論: 直近安値更新 (下落トレンド継続)｜[信頼度：強] トレンド一致・勢い一致・出来高増,true,am,1,32700,0.622,-0.229
418,2026-06-29,7011,三菱重工業,short,strong,09:15,3713.0,09:22,3657.3,29964,1.500,TP,VWAP反落（戻り売り）(VWAP:3727.1)｜[信頼度：強] トレンド一致・勢い一致・出来高増,true,am,7,53800,1.589,-0.162
318,2026-06-29,6920,レーザーテック,short,strong,09:16,48290.0,09:17,48531.4,-9899,-0.500,SL,ダウ理論: 直近安値更新 (下落トレンド継続)｜[信頼度：強] トレンド一致・勢い一致・出来高増,false,am,1,4100,0.041,-0.601
344,2026-06-29,5803,フジクラ,short,medium,09:16,5899.0,09:17,5899.0,0,0.000,BE,大台割れ (5900円割り込み)｜[信頼度：中] トレンド一致・勢い一致・出来高薄,true,am,1,33900,0.763,-0.356
409,2026-06-29,9984,ソフトバンクG,short,strong,09:16,6071.0,09:19,6101.4,-9987,-0.500,SL,ダウ理論: 直近安値更新 (下落トレンド継続)｜[信頼度：強] トレンド一致・勢い一致・出来高増,false,am,3,32900,0.148,-0.527
345,2026-06-29,5803,フジクラ,short,strong,09:18,5860.0,09:21,5772.1,29974,1.500,TP,デッドクロス (MA5:5900.6 < MA25:5914.76, 乖離:0.24%)｜[信頼度：強] トレンド一致・勢い一致・出来高増,true,am,3,34100,1.792,-0.154
429,2026-06-29,8035,東京エレクトロン,long,strong,09:18,73820.0,09:19,73450.9,-9966,-0.500,SL,ダウ理論: 直近高値更新 (上昇トレンド継続)｜[信頼度：強] トレンド一致・勢い一致・出来高増,false,am,1,2700,0.027,-0.501
319,2026-06-29,6920,レーザーテック,short,strong,09:20,48170.0,09:28,47447.4,29625,1.500,TP,ダウ理論: 直近安値更新 (下落トレンド継続)｜[信頼度：強] トレンド一致・勢い一致・出来高増,true,am,8,4100,1.599,0.000
331,2026-06-29,6857,アドバンテスト,short,strong,09:20,31370.0,09:30,30899.5,29645,1.500,TP,ダウ理論: 直近安値更新 (下落トレンド継続)｜[信頼度：強] トレンド一致・勢い一致・出来高増,true,am,10,6300,1.594,0.000
374,2026-06-29,6981,村田製作所,short,medium,09:20,10735.0,09:23,10574.0,29951,1.500,TP,大台割れ (10800円割り込み)｜[信頼度：中] トレンド逆行・勢い一致・出来高増,true,am,3,18600,1.863,0.000
410,2026-06-29,9984,ソフトバンクG,short,strong,09:20,6037.0,09:34,5946.4,29974,1.500,TP,ダウ理論: 直近安値更新 (下落トレンド継続)｜[信頼度：強] トレンド一致・勢い一致・出来高増,true,am,14,33100,2.054,-0.331
346,2026-06-29,5803,フジクラ,short,strong,09:21,5762.0,09:22,5762.0,0,0.000,BE,ダウ理論: 直近安値更新 (下落トレンド継続)｜[信頼度：強] トレンド一致・勢い一致・出来高増,true,am,1,34700,0.885,-0.191
442,2026-06-29,8316,三井住友FG,short,medium,09:21,6415.0,10:33,6318.8,29926,1.500,TP,ダウ理論: 直近安値更新 (下落トレンド継続)｜[信頼度：中] トレンド一致・勢い一致・出来高薄,true,am,72,31100,1.590,-0.016
347,2026-06-29,5803,フジクラ,short,strong,09:22,5724.0,09:23,5752.6,-9988,-0.500,SL,ダウ理論: 直近安値更新 (下落トレンド継続)｜[信頼度：強] トレンド一致・勢い一致・出来高増,false,am,1,34900,0.175,-0.559
419,2026-06-29,7011,三菱重工業,short,medium,09:22,3654.0,09:24,3672.3,-9994,-0.500,SL,ダウ理論: 直近安値更新 (下落トレンド継続)｜[信頼度：中] トレンド一致・勢い一致・出来高薄,false,am,2,54700,0.055,-0.657
375,2026-06-29,6981,村田製作所,short,strong,09:23,10560.0,09:24,10612.8,-9979,-0.500,SL,ダウ理論: 直近安値更新 (下落トレンド継続)｜[信頼度：強] トレンド一致・勢い一致・出来高増,false,am,1,18900,0.331,-0.805
376,2026-06-29,6981,村田製作所,short,strong,09:24,10620.0,09:27,10620.0,0,0.000,BE,ダウ理論: 直近安値更新 (下落トレンド継続)｜[信頼度：強] トレンド一致・勢い一致・出来高増,true,am,3,18800,0.753,-0.141
430,2026-06-29,8035,東京エレクトロン,short,strong,09:24,72640.0,09:29,71550.4,29419,1.500,TP,デッドクロス (MA5:72898 < MA25:73002.4, 乖離:0.14%)｜[信頼度：強] トレンド一致・勢い一致・出来高増,true,am,5,2700,1.597,0.000
391,2026-06-29,6526,ソシオネクスト,short,medium,09:25,2538.0,09:26,2538.0,0,0.000,BE,デッドクロス (MA5:2546.7 < MA25:2551.08, 乖離:0.17%)｜[信頼度：中] トレンド一致・勢い一致・出来高薄,true,am,1,78800,0.611,-0.079
348,2026-06-29,5803,フジクラ,short,medium,09:26,5724.0,09:31,5638.1,29965,1.500,TP,ダウ理論: 直近安値更新 (下落トレンド継続)｜[信頼度：中] トレンド一致・勢い一致・出来高薄,true,am,5,34900,1.572,-0.227
392,2026-06-29,6526,ソシオネクスト,short,strong,09:26,2528.0,09:34,2490.1,29995,1.500,TP,ダウ理論: 直近安値更新 (下落トレンド継続)｜[信頼度：強] トレンド一致・勢い一致・出来高増,true,am,8,79100,1.741,-0.316
320,2026-06-29,6920,レーザーテック,short,medium,09:28,47400.0,09:35,46689.0,29862,1.500,TP,ダウ理論: 直近安値更新 (下落トレンド継続)｜[信頼度：中] トレンド一致・勢い一致・出来高薄,true,am,7,4200,1.519,-0.253
420,2026-06-29,7011,三菱重工業,short,medium,09:28,3648.0,09:40,3666.2,-9996,-0.500,SL,ダウ理論: 直近安値更新 (下落トレンド継続)｜[信頼度：中] トレンド一致・勢い一致・出来高薄,false,am,12,54800,0.247,-0.740
431,2026-06-29,8035,東京エレクトロン,short,medium,09:29,71480.0,09:41,71480.0,0,0.000,BE,ダウ理論: 直近安値更新 (下落トレンド継続)｜[信頼度：中] トレンド一致・勢い一致・出来高薄,true,am,12,2700,1.133,-0.294
332,2026-06-29,6857,アドバンテスト,short,medium,09:30,30950.0,09:31,30950.0,0,0.000,BE,ダウ理論: 直近安値更新 (下落トレンド継続)｜[信頼度：中] トレンド一致・勢い一致・出来高薄,true,am,1,6400,0.614,-0.065
333,2026-06-29,6857,アドバンテスト,short,medium,09:31,30770.0,09:49,30770.0,0,0.000,BE,ダウ理論: 直近安値更新 (下落トレンド継続)｜[信頼度：中] トレンド一致・勢い一致・出来高薄,true,am,18,6400,1.040,-0.357
349,2026-06-29,5803,フジクラ,short,medium,09:31,5648.0,09:32,5648.0,0,0.000,BE,ダウ理論: 直近安値更新 (下落トレンド継続)｜[信頼度：中] トレンド一致・勢い一致・出来高薄,true,am,1,35400,0.567,0.000
377,2026-06-29,6981,村田製作所,short,medium,09:31,10530.0,09:32,10530.0,0,0.000,BE,ダウ理論: 直近安値更新 (下落トレンド継続)｜[信頼度：中] トレンド一致・勢い一致・出来高薄,true,am,1,18900,0.665,-0.047
350,2026-06-29,5803,フジクラ,short,medium,09:32,5631.0,09:33,5659.2,-9995,-0.500,SL,ダウ理論: 直近安値更新 (下落トレンド継続)｜[信頼度：中] トレンド一致・勢い一致・出来高薄,false,am,1,35500,0.000,-0.568
378,2026-06-29,6981,村田製作所,short,strong,09:32,10495.0,09:39,10495.0,0,0.000,BE,ダウ理論: 直近安値更新 (下落トレンド継続)｜[信頼度：強] トレンド一致・勢い一致・出来高増,true,am,7,19000,1.334,-0.476
361,2026-06-29,6976,太陽誘電,short,medium,09:34,17380.0,09:38,17380.0,0,0.000,BE,ダウ理論: 直近安値更新 (下落トレンド継続)｜[信頼度：中] トレンド一致・勢い一致・出来高薄,true,am,4,11500,0.719,-0.403
393,2026-06-29,6526,ソシオネクスト,short,strong,09:34,2485.5,09:39,2485.5,0,0.000,BE,ダウ理論: 直近安値更新 (下落トレンド継続)｜[信頼度：強] トレンド一致・勢い一致・出来高増,true,am,5,80400,0.664,-0.181
411,2026-06-29,9984,ソフトバンクG,short,strong,09:34,5914.0,09:36,5914.0,0,0.000,BE,ダウ理論: 直近安値更新 (下落トレンド継続)｜[信頼度：強] トレンド一致・勢い一致・出来高増,true,am,2,33800,0.795,-0.152
321,2026-06-29,6920,レーザーテック,short,medium,09:35,46720.0,09:39,46953.6,-9811,-0.500,SL,ダウ理論: 直近安値更新 (下落トレンド継続)｜[信頼度：中] トレンド一致・勢い一致・出来高薄,false,am,4,4200,0.321,-1.027
412,2026-06-29,9984,ソフトバンクG,short,strong,09:36,5867.0,09:38,5867.0,0,0.000,BE,ダウ理論: 直近安値更新 (下落トレンド継続)｜[信頼度：強] トレンド一致・勢い一致・出来高増,true,am,2,34000,0.665,-0.068
351,2026-06-29,5803,フジクラ,short,medium,09:37,5623.0,09:38,5651.1,-9981,-0.500,SL,ダウ理論: 直近安値更新 (下落トレンド継続)｜[信頼度：中] トレンド一致・勢い一致・出来高薄,false,am,1,35500,0.036,-0.516
413,2026-06-29,9984,ソフトバンクG,short,medium,09:38,5848.0,09:40,5877.2,-9971,-0.500,SL,ダウ理論: 直近安値更新 (下落トレンド継続)｜[信頼度：中] トレンド一致・勢い一致・出来高薄,false,am,2,34100,0.068,-0.872
322,2026-06-29,6920,レーザーテック,short,medium,09:39,46750.0,09:40,46983.7,-9817,-0.500,SL,大台割れ (46800円割り込み)｜[信頼度：中] トレンド一致・勢い不一致・出来高増,false,am,1,4200,0.193,-0.749
394,2026-06-29,6526,ソシオネクスト,short,medium,09:40,2488.0,09:46,2450.7,29968,1.500,TP,ダウ理論: 直近安値更新 (下落トレンド継続)｜[信頼度：中] トレンド一致・勢い不一致・出来高増,true,am,6,80300,1.809,-0.121
323,2026-06-29,6920,レーザーテック,short,medium,09:43,46970.0,09:49,46970.0,0,0.000,BE,大台割れ (47000円割り込み)｜[信頼度：中] トレンド一致・勢い一致・出来高薄,true,am,6,4200,0.788,-0.447
432,2026-06-29,8035,東京エレクトロン,short,medium,09:45,71990.0,09:49,71990.0,0,0.000,BE,大台割れ (72000円割り込み)｜[信頼度：中] トレンド一致・勢い不一致・出来高増,true,am,4,2700,0.597,-0.181
395,2026-06-29,6526,ソシオネクスト,short,medium,09:46,2444.0,09:47,2456.2,-9996,-0.500,SL,ダウ理論: 直近安値更新 (下落トレンド継続)｜[信頼度：中] トレンド一致・勢い一致・出来高薄,false,am,1,81800,0.061,-0.573
396,2026-06-29,6526,ソシオネクスト,short,medium,09:47,2452.0,09:48,2464.3,-9992,-0.500,SL,ダウ理論: 直近安値更新 (下落トレンド継続)｜[信頼度：中] トレンド一致・勢い一致・出来高薄,false,am,1,81500,0.000,-0.775
379,2026-06-29,6981,村田製作所,long,strong,09:52,10810.0,09:55,10810.0,0,0.000,BE,ダウ理論: 直近高値更新 (上昇トレンド継続)｜[信頼度：強] トレンド一致・勢い一致・出来高増,true,am,3,18500,0.509,-0.185
362,2026-06-29,6976,太陽誘電,long,strong,09:53,17845.0,09:56,18112.7,29980,1.500,TP,ダウ理論: 直近高値更新 (上昇トレンド継続)｜[信頼度：強] トレンド一致・勢い一致・出来高増,true,am,3,11200,1.569,-0.140
421,2026-06-29,7011,三菱重工業,short,strong,09:53,3641.0,10:21,3659.2,-9995,-0.500,SL,三尊（ヘッド&ショルダー）(ネックライン:3646.5円割れ)｜[信頼度：強] トレンド一致・勢い一致・出来高増,false,am,28,54900,0.494,-0.687
363,2026-06-29,6976,太陽誘電,long,strong,09:56,18080.0,10:00,18351.2,29832,1.500,TP,ダウ理論: 直近高値更新 (上昇トレンド継続)｜[信頼度：強] トレンド一致・勢い一致・出来高増,true,am,4,11000,1.991,-0.111
380,2026-06-29,6981,村田製作所,long,strong,09:57,10855.0,10:02,10855.0,0,0.000,BE,ダウ理論: 直近高値更新 (上昇トレンド継続)｜[信頼度：強] トレンド一致・勢い一致・出来高増,true,am,5,18400,0.967,-0.184
433,2026-06-29,8035,東京エレクトロン,long,strong,09:59,73270.0,10:02,72903.6,-9891,-0.500,SL,ダウ理論: 直近高値更新 (上昇トレンド継続)｜[信頼度：強] トレンド一致・勢い一致・出来高増,false,am,3,2700,0.136,-0.682
441,2026-06-29,8316,三井住友FG,long,strong,09:59,6388.0,10:12,6356.1,-9997,-0.500,SL,ダウ理論: 直近高値更新 (上昇トレンド継続)｜[信頼度：強] トレンド一致・勢い一致・出来高増,false,am,13,31300,0.360,-0.642
324,2026-06-29,6920,レーザーテック,long,strong,10:00,47930.0,10:02,47690.3,-9826,-0.500,SL,ダウ理論: 直近高値更新 (上昇トレンド継続)｜[信頼度：強] トレンド一致・勢い一致・出来高増,false,am,2,4100,0.230,-0.563
334,2026-06-29,6857,アドバンテスト,long,strong,10:00,31090.0,10:13,31090.0,0,0.000,BE,ダウ理論: 直近高値更新 (上昇トレンド継続)｜[信頼度：強] トレンド一致・勢い一致・出来高増,true,am,13,6400,0.579,-0.418
352,2026-06-29,5803,フジクラ,long,strong,10:00,5837.0,10:01,5837.0,0,0.000,BE,ダウ理論: 直近高値更新 (上昇トレンド継続)｜[信頼度：強] トレンド一致・勢い一致・出来高増,true,am,1,34200,0.531,-0.086
354,2026-06-29,5803,フジクラ,long,strong,10:01,5847.0,10:09,5847.0,0,0.000,BE,VWAPクロス上抜け (VWAP:5843.3)｜[信頼度：強] トレンド一致・勢い一致・出来高増,true,am,8,34200,0.701,-0.462
325,2026-06-29,6920,レーザーテック,short,medium,10:02,47800.0,10:15,47800.0,0,0.000,BE,大台割れ (47900円割り込み)｜[信頼度：中] トレンド逆行・勢い一致・出来高増,true,am,13,4100,0.502,-0.377
353,2026-06-29,5803,フジクラ,short,medium,10:05,5834.0,10:08,5863.2,-9976,-0.500,SL,VWAPクロス下抜け (VWAP:5843.4)｜[信頼度：中] トレンド逆行・勢い一致・出来高増,false,am,3,34200,0.000,-0.514
397,2026-06-29,6526,ソシオネクスト,short,medium,10:06,2470.5,10:13,2470.5,0,0.000,BE,三尊（ヘッド&ショルダー）(ネックライン:2475.5円割れ)｜[信頼度：中] トレンド一致・勢い一致・出来高薄,true,am,7,80900,0.506,-0.324
381,2026-06-29,6981,村田製作所,long,strong,10:10,10920.0,10:11,10865.4,-9992,-0.500,SL,ダウ理論: 直近高値更新 (上昇トレンド継続)｜[信頼度：強] トレンド一致・勢い一致・出来高増,false,am,1,18300,0.000,-0.916
335,2026-06-29,6857,アドバンテスト,short,medium,10:13,31070.0,10:21,31070.0,0,0.000,BE,大台割れ (31100円割り込み)｜[信頼度：中] トレンド逆行・勢い一致・出来高増,true,am,8,6400,0.515,-0.290
398,2026-06-29,6526,ソシオネクスト,short,strong,10:13,2461.5,10:25,2424.6,29981,1.500,TP,ダウ理論: 直近安値更新 (下落トレンド継続)｜[信頼度：強] トレンド一致・勢い一致・出来高増,true,am,12,81200,1.503,-0.163
414,2026-06-29,9984,ソフトバンクG,short,medium,10:16,5861.0,10:32,5861.0,0,0.000,BE,デッドクロス (MA5:5865.8 < MA25:5871.92, 乖離:0.10%)｜[信頼度：中] トレンド一致・勢い一致・出来高薄,true,am,16,34100,0.512,-0.324
326,2026-06-29,6920,レーザーテック,short,strong,10:17,47520.0,10:32,47520.0,0,0.000,BE,ダウ理論: 直近安値更新 (下落トレンド継続)｜[信頼度：強] トレンド一致・勢い一致・出来高増,true,am,15,4200,0.715,-0.337
355,2026-06-29,5803,フジクラ,short,strong,10:17,5795.0,10:26,5824.0,-9996,-0.500,SL,大台割れ (5800円割り込み)｜[信頼度：強] トレンド一致・勢い一致・出来高増,false,am,9,34500,0.466,-0.518
383,2026-06-29,6981,村田製作所,long,strong,10:20,10805.0,10:30,10751.0,-9995,-0.500,SL,大台超え (10800円突破)｜[信頼度：強] トレンド一致・勢い一致・出来高増,false,am,10,18500,0.370,-0.555
434,2026-06-29,8035,東京エレクトロン,long,strong,10:20,73200.0,10:23,72834.0,-9882,-0.500,SL,大台超え (73200円突破)｜[信頼度：強] トレンド一致・勢い一致・出来高増,false,am,3,2700,0.287,-0.519
336,2026-06-29,6857,アドバンテスト,short,medium,10:21,31000.0,10:34,31000.0,0,0.000,BE,三尊（ヘッド&ショルダー）(ネックライン:31030.0円割れ)｜[信頼度：中] トレンド一致・勢い不一致・出来高増,true,am,13,6400,0.839,-0.161
435,2026-06-29,8035,東京エレクトロン,short,medium,10:21,73050.0,10:32,73050.0,0,0.000,BE,大台割れ (73100円割り込み)｜[信頼度：中] トレンド一致・勢い不一致・出来高増,true,am,11,2700,0.602,-0.151
382,2026-06-29,6981,村田製作所,short,medium,10:22,10785.0,10:26,10838.9,-9976,-0.500,SL,大台割れ (10800円割り込み)｜[信頼度：中] トレンド一致・勢い一致・出来高薄,false,am,4,18500,0.093,-0.510
399,2026-06-29,6526,ソシオネクスト,short,medium,10:25,2425.5,10:32,2425.5,0,0.000,BE,ダウ理論: 直近安値更新 (下落トレンド継続)｜[信頼度：中] トレンド一致・勢い一致・出来高薄,true,am,7,82400,0.948,-0.289
356,2026-06-29,5803,フジクラ,short,medium,10:26,5821.0,10:32,5821.0,0,0.000,BE,下落相場の戻り売り (RSI:54.40197042923171% · MA25以下)｜[信頼度：中] トレンド一致・勢い不一致・出来高増,true,am,6,34300,1.048,-0.120
384,2026-06-29,6981,村田製作所,short,medium,10:27,10795.0,10:32,10795.0,0,0.000,BE,大台割れ (10800円割り込み)｜[信頼度：中] トレンド一致・勢い一致・出来高薄,true,am,5,18500,0.834,-0.185
422,2026-06-29,7011,三菱重工業,short,medium,10:30,3639.0,10:53,3657.2,-9989,-0.500,SL,三尊（ヘッド&ショルダー）(ネックライン:3644.0円割れ)｜[信頼度：中] トレンド逆行・勢い一致・出来高増,false,am,23,54900,0.385,-0.550
364,2026-06-29,6976,太陽誘電,short,strong,10:31,17985.0,10:32,18074.9,-9982,-0.500,SL,ダウ理論: 直近安値更新 (下落トレンド継続)｜[信頼度：強] トレンド一致・勢い一致・出来高増,false,am,1,11100,0.083,-1.195
443,2026-06-29,8316,三井住友FG,short,strong,10:33,6320.0,12:30,6351.6,-9986,-0.500,SL,ダウ理論: 直近安値更新 (下落トレンド継続)｜[信頼度：強] トレンド一致・勢い一致・出来高増,false,pm,57,31600,0.269,-0.918
436,2026-06-29,8035,東京エレクトロン,long,strong,10:35,73490.0,10:56,74592.3,29763,1.500,TP,ゴールデンクロス (MA5:73094 > MA25:73019.2, 乖離:0.10%)｜[信頼度：強] トレンド一致・勢い一致・出来高増,true,am,21,2700,1.565,-0.041
365,2026-06-29,6976,太陽誘電,long,strong,10:36,18600.0,10:38,18507.0,-9951,-0.500,SL,ゴールデンクロス (MA5:18350 > MA25:18259.4, 乖離:0.50%)｜[信頼度：強] トレンド一致・勢い一致・出来高増,false,am,2,10700,0.296,-0.672
385,2026-06-29,6981,村田製作所,long,strong,10:36,10930.0,10:49,10930.0,0,0.000,BE,ダウ理論: 直近高値更新 (上昇トレンド継続)｜[信頼度：強] トレンド一致・勢い一致・出来高増,true,am,13,18200,1.418,-0.229
415,2026-06-29,9984,ソフトバンクG,long,strong,10:39,5967.0,10:41,5937.2,-9995,-0.500,SL,ダウ理論: 直近高値更新 (上昇トレンド継続)｜[信頼度：強] トレンド一致・勢い一致・出来高増,false,am,2,33500,0.084,-0.503
327,2026-06-29,6920,レーザーテック,long,strong,10:40,48490.0,11:05,48490.0,0,0.000,BE,ダウ理論: 直近高値更新 (上昇トレンド継続)｜[信頼度：強] トレンド一致・勢い一致・出来高増,true,am,25,4100,1.031,-0.289
337,2026-06-29,6857,アドバンテスト,long,strong,10:49,31450.0,10:55,31292.8,-9907,-0.500,SL,VWAPクロス上抜け (VWAP:31415.1)｜[信頼度：強] トレンド一致・勢い一致・出来高増,false,am,6,6300,0.095,-0.572
357,2026-06-29,5803,フジクラ,short,strong,10:50,5841.0,11:06,5753.4,29964,1.500,TP,VWAPクロス下抜け (VWAP:5842.3)｜[信頼度：強] トレンド一致・勢い一致・出来高増,true,am,16,34200,1.849,-0.205
416,2026-06-29,9984,ソフトバンクG,short,medium,10:53,5893.0,10:56,5922.5,-9989,-0.500,SL,大台割れ (5900円割り込み)｜[信頼度：中] トレンド一致・勢い一致・出来高薄,false,am,3,33900,0.000,-0.798
400,2026-06-29,6526,ソシオネクスト,long,strong,10:56,2476.5,10:57,2464.1,-9993,-0.500,SL,ダウ理論: 直近高値更新 (上昇トレンド継続)｜[信頼度：強] トレンド一致・勢い一致・出来高増,false,am,1,80700,0.000,-0.505
423,2026-06-29,7011,三菱重工業,long,strong,10:56,3666.0,11:08,3647.7,-9990,-0.500,SL,ダウ理論: 直近高値更新 (上昇トレンド継続)｜[信頼度：強] トレンド一致・勢い一致・出来高増,false,am,12,54500,0.082,-0.573
437,2026-06-29,8035,東京エレクトロン,long,strong,10:56,74550.0,10:57,74177.3,-9692,-0.500,SL,ダウ理論: 直近高値更新 (上昇トレンド継続)｜[信頼度：強] トレンド一致・勢い一致・出来高増,false,am,1,2600,0.000,-0.523
338,2026-06-29,6857,アドバンテスト,short,medium,10:59,31240.0,11:28,31240.0,0,0.000,BE,ダウ理論: 直近安値更新 (下落トレンド継続)｜[信頼度：中] トレンド一致・勢い一致・出来高薄,true,am,29,6400,1.088,-0.096
444,2026-06-29,8316,三井住友FG,short,strong,13:01,6337.0,15:11,6337.0,0,0.000,BE,ダウ理論: 直近安値更新 (下落トレンド継続)｜[信頼度：強] トレンド一致・勢い一致・出来高増,true,pm,130,31500,0.789,-0.142
339,2026-06-29,6857,アドバンテスト,long,strong,13:03,31480.0,13:11,31322.6,-9916,-0.500,SL,ダウ理論: 直近高値更新 (上昇トレンド継続)｜[信頼度：強] トレンド一致・勢い一致・出来高増,false,pm,8,6300,0.064,-0.508
401,2026-06-29,6526,ソシオネクスト,short,medium,13:06,2448.0,13:09,2460.2,-9988,-0.500,SL,三尊（ヘッド&ショルダー）(ネックライン:2448.5円割れ)｜[信頼度：中] トレンド逆行・勢い一致・出来高増,false,pm,3,81600,0.000,-0.613
417,2026-06-29,9984,ソフトバンクG,short,medium,13:06,5876.0,14:39,5876.0,0,0.000,BE,ダウ理論: 直近安値更新 (下落トレンド継続)｜[信頼度：中] トレンド一致・勢い一致・出来高薄,true,pm,93,34000,0.732,-0.442
358,2026-06-29,5803,フジクラ,short,medium,13:08,5736.0,14:03,5650.0,29942,1.500,TP,三尊（ヘッド&ショルダー）(ネックライン:5740.0円割れ)｜[信頼度：中] トレンド一致・勢い一致・出来高薄,true,pm,55,34800,1.604,-0.227
403,2026-06-29,6526,ソシオネクスト,long,strong,13:09,2459.5,13:56,2459.5,0,0.000,BE,ダウ理論: 直近高値更新 (上昇トレンド継続)｜[信頼度：強] トレンド一致・勢い一致・出来高増,true,pm,47,81300,0.549,-0.447
340,2026-06-29,6857,アドバンテスト,short,medium,13:11,31330.0,14:20,31330.0,0,0.000,BE,VWAPクロス下抜け (VWAP:31383.3)｜[信頼度：中] トレンド逆行・勢い一致・出来高増,true,pm,69,6300,0.862,-0.128
386,2026-06-29,6981,村田製作所,short,medium,13:11,10705.0,13:25,10705.0,0,0.000,BE,ダウ理論: 直近安値更新 (下落トレンド継続)｜[信頼度：中] トレンド一致・勢い一致・出来高薄,true,pm,14,18600,0.654,-0.234
328,2026-06-29,6920,レーザーテック,short,medium,13:15,48420.0,14:30,48420.0,0,0.000,BE,三尊（ヘッド&ショルダー）(ネックライン:48430.0円割れ)｜[信頼度：中] トレンド一致・勢い一致・出来高薄,true,pm,75,4100,0.867,-0.330
366,2026-06-29,6976,太陽誘電,short,strong,13:21,18175.0,13:24,18265.9,-9996,-0.500,SL,ダウ理論: 直近安値更新 (下落トレンド継続)｜[信頼度：強] トレンド一致・勢い一致・出来高増,false,pm,3,11000,0.110,-0.688
439,2026-06-29,8035,東京エレクトロン,short,strong,13:21,73300.0,14:30,73300.0,0,0.000,BE,ダウ理論: 直近安値更新 (下落トレンド継続)｜[信頼度：強] トレンド一致・勢い一致・出来高増,true,pm,69,2700,0.982,-0.368
367,2026-06-29,6976,太陽誘電,short,medium,13:31,18190.0,14:00,17917.2,29741,1.500,TP,大台割れ (18200円割り込み)｜[信頼度：中] トレンド一致・勢い一致・出来高薄,true,pm,29,10900,1.649,-0.247
402,2026-06-29,6526,ソシオネクスト,short,medium,13:33,2456.0,13:52,2468.3,-9996,-0.500,SL,三尊（ヘッド&ショルダー）(ネックライン:2456.8円割れ)｜[信頼度：中] トレンド一致・勢い一致・出来高薄,false,pm,19,81400,0.305,-0.509
387,2026-06-29,6981,村田製作所,short,strong,13:36,10640.0,13:48,10693.2,-9948,-0.500,SL,ダウ理論: 直近安値更新 (下落トレンド継続)｜[信頼度：強] トレンド一致・勢い一致・出来高増,false,pm,12,18700,0.047,-0.517
424,2026-06-29,7011,三菱重工業,short,strong,13:45,3635.0,15:20,3634.0,550,0.028,TIME,ダウ理論: 直近安値更新 (下落トレンド継続)｜[信頼度：強] トレンド一致・勢い一致・出来高増,false,pm,95,55000,0.385,-0.303
388,2026-06-29,6981,村田製作所,short,medium,13:50,10675.0,14:06,10675.0,0,0.000,BE,大台割れ (10700円割り込み)｜[信頼度：中] トレンド一致・勢い一致・出来高薄,true,pm,16,18700,0.890,-0.187
368,2026-06-29,6976,太陽誘電,short,strong,14:00,17910.0,14:02,17999.5,-9940,-0.500,SL,ダウ理論: 直近安値更新 (下落トレンド継続)｜[信頼度：強] トレンド一致・勢い一致・出来高増,false,pm,2,11100,0.112,-0.530
359,2026-06-29,5803,フジクラ,short,strong,14:03,5651.0,14:06,5679.3,-9974,-0.500,SL,ダウ理論: 直近安値更新 (下落トレンド継続)｜[信頼度：強] トレンド一致・勢い一致・出来高増,false,pm,3,35300,0.088,-0.531
404,2026-06-29,6526,ソシオネクスト,long,strong,14:12,2470.5,14:32,2470.5,0,0.000,BE,逆三尊（インバースH&S）(ネックライン:2459.5円突破)｜[信頼度：強] トレンド一致・勢い一致・出来高増,true,pm,20,80900,0.729,-0.081
369,2026-06-29,6976,太陽誘電,long,strong,14:14,18155.0,14:51,18427.3,29956,1.500,TP,ダウ理論: 直近高値更新 (上昇トレンド継続)｜[信頼度：強] トレンド一致・勢い一致・出来高増,true,pm,37,11000,1.597,-0.496
438,2026-06-29,8035,東京エレクトロン,long,strong,14:15,73160.0,14:19,72794.2,-9877,-0.500,SL,ダウ理論: 直近高値更新 (上昇トレンド継続)｜[信頼度：強] トレンド一致・勢い一致・出来高増,false,pm,4,2700,0.014,-0.506
440,2026-06-29,8035,東京エレクトロン,long,strong,14:23,73200.0,14:57,74298.0,29646,1.500,TP,大台超え (73200円突破)｜[信頼度：強] トレンド一致・勢い一致・出来高増,true,pm,34,2700,1.503,-0.137
341,2026-06-29,6857,アドバンテスト,long,strong,14:25,31410.0,14:56,31881.1,29682,1.500,TP,ダウ理論: 直近高値更新 (上昇トレンド継続)｜[信頼度：強] トレンド一致・勢い一致・出来高増,true,pm,31,6300,1.592,-0.159
405,2026-06-29,6526,ソシオネクスト,short,medium,14:27,2479.0,14:47,2491.4,-9990,-0.500,SL,VWAP反落（戻り売り）(VWAP:2485.3)｜[信頼度：中] トレンド逆行・勢い一致・出来高増,false,pm,20,80600,0.363,-0.524
456,2026-06-30,6857,アドバンテスト,short,medium,09:05,32280.0,09:11,32441.4,-9845,-0.500,SL,大台割れ (32300円割り込み)｜[信頼度：中] トレンド一致・勢い一致・出来高薄,false,am,6,6100,0.279,-0.805
471,2026-06-30,6976,太陽誘電,long,strong,09:05,19665.0,09:06,19566.7,-9931,-0.500,SL,大台超え (19600円突破)｜[信頼度：強] トレンド一致・勢い一致・出来高増,false,am,1,10100,0.127,-0.890
532,2026-06-30,8035,東京エレクトロン,long,strong,09:07,77510.0,09:09,78672.6,29066,1.500,TP,大台超え (77500円突破)｜[信頼度：強] トレンド一致・勢い一致・出来高増,true,am,2,2500,1.509,-0.168
533,2026-06-30,8035,東京エレクトロン,long,strong,09:09,78560.0,09:10,78560.0,0,0.000,BE,大台超え (78500円突破)｜[信頼度：強] トレンド一致・勢い一致・出来高増,true,am,1,2500,0.547,-0.051
534,2026-06-30,8035,東京エレクトロン,long,strong,09:12,79860.0,09:13,79460.7,-9983,-0.500,SL,大台超え (79800円突破)｜[信頼度：強] トレンド一致・勢い一致・出来高増,false,am,1,2500,0.476,-0.526
472,2026-06-30,6976,太陽誘電,long,strong,09:16,19540.0,09:20,19540.0,0,0.000,BE,大台超え (19500円突破)｜[信頼度：強] トレンド一致・勢い一致・出来高増,true,am,4,10200,0.512,-0.384
457,2026-06-30,6857,アドバンテスト,short,strong,09:21,32290.0,09:32,31805.6,29545,1.500,TP,大台割れ (32300円割り込み)｜[信頼度：強] トレンド一致・勢い一致・出来高増,true,am,11,6100,1.765,-0.124
473,2026-06-30,6976,太陽誘電,short,medium,09:21,19425.0,09:22,19425.0,0,0.000,BE,大台割れ (19500円割り込み)｜[信頼度：中] トレンド逆行・勢い一致・出来高増,true,am,1,10200,0.644,-0.309
474,2026-06-30,6976,太陽誘電,short,medium,09:27,19280.0,09:28,19280.0,0,0.000,BE,大台割れ (19300円割り込み)｜[信頼度：中] トレンド一致・勢い一致・出来高薄,true,am,1,10300,1.115,-0.052
495,2026-06-30,6981,村田製作所,short,medium,09:27,10880.0,09:30,10934.4,-9955,-0.500,SL,大台割れ (10900円割り込み)｜[信頼度：中] トレンド一致・勢い一致・出来高薄,false,am,3,18300,0.184,-0.781
506,2026-06-30,6526,ソシオネクスト,short,medium,09:27,2436.5,09:33,2436.5,0,0.000,BE,ダウ理論: 直近安値更新 (下落トレンド継続)｜[信頼度：中] トレンド一致・勢い一致・出来高薄,true,am,6,82000,0.718,-0.287
513,2026-06-30,9984,ソフトバンクG,short,strong,09:27,5907.0,09:30,5907.0,0,0.000,BE,VWAP反落（戻り売り）(VWAP:5940.1)｜[信頼度：強] トレンド一致・勢い一致・出来高増,true,am,3,33800,0.880,-0.102
527,2026-06-30,7011,三菱重工業,short,strong,09:27,3612.0,09:41,3630.1,-9987,-0.500,SL,ダウ理論: 直近安値更新 (下落トレンド継続)｜[信頼度：強] トレンド一致・勢い一致・出来高増,false,am,14,55300,0.166,-0.526
535,2026-06-30,8035,東京エレクトロン,short,medium,09:27,77610.0,09:30,77998.0,-9701,-0.500,SL,大台割れ (77700円割り込み)｜[信頼度：中] トレンド一致・勢い一致・出来高薄,false,am,3,2500,0.374,-0.503
542,2026-06-30,8316,三井住友FG,short,medium,09:27,6389.0,12:30,6389.0,0,0.000,BE,弱気はらみ線 (天井反転の兆し, RSI:55.366204030615755%)｜[信頼度：中] トレンド一致・勢い一致・出来高薄,true,pm,123,31300,0.939,-0.266
475,2026-06-30,6976,太陽誘電,short,strong,09:28,19070.0,09:29,19165.3,-9916,-0.500,SL,ダウ理論: 直近安値更新 (下落トレンド継続)｜[信頼度：強] トレンド一致・勢い一致・出来高増,false,am,1,10400,0.079,-0.551
445,2026-06-30,6920,レーザーテック,short,medium,09:29,49730.0,09:32,49730.0,0,0.000,BE,ダウ理論: 直近安値更新 (下落トレンド継続)｜[信頼度：中] トレンド一致・勢い一致・出来高薄,true,am,3,4000,0.503,-0.422
464,2026-06-30,5803,フジクラ,short,medium,09:29,6095.0,09:30,6125.5,-9996,-0.500,SL,ダウ理論: 直近安値更新 (下落トレンド継続)｜[信頼度：中] トレンド一致・勢い一致・出来高薄,false,am,1,32800,0.049,-0.755
476,2026-06-30,6976,太陽誘電,short,medium,09:29,19135.0,09:30,19230.7,-9950,-0.500,SL,ダウ理論: 直近安値更新 (下落トレンド継続)｜[信頼度：中] トレンド一致・勢い一致・出来高薄,false,am,1,10400,0.052,-0.758
514,2026-06-30,9984,ソフトバンクG,short,strong,09:30,5859.0,09:31,5859.0,0,0.000,BE,ダウ理論: 直近安値更新 (下落トレンド継続)｜[信頼度：強] トレンド一致・勢い一致・出来高増,true,am,1,34100,0.905,-0.051
465,2026-06-30,5803,フジクラ,short,strong,09:31,6065.0,09:34,6095.3,-9977,-0.500,SL,ダウ理論: 直近安値更新 (下落トレンド継続)｜[信頼度：強] トレンド一致・勢い一致・出来高増,false,am,3,32900,0.429,-0.857
477,2026-06-30,6976,太陽誘電,short,strong,09:31,19005.0,09:32,19005.0,0,0.000,BE,ダウ理論: 直近安値更新 (下落トレンド継続)｜[信頼度：強] トレンド一致・勢い一致・出来高増,true,am,1,10500,0.552,-0.079
515,2026-06-30,9984,ソフトバンクG,short,strong,09:31,5811.0,09:35,5840.1,-9995,-0.500,SL,ダウ理論: 直近安値更新 (下落トレンド継続)｜[信頼度：強] トレンド一致・勢い一致・出来高増,false,am,4,34400,0.379,-0.740
446,2026-06-30,6920,レーザーテック,long,strong,09:32,49790.0,09:36,49541.1,-9958,-0.500,SL,大台超え (49700円突破)｜[信頼度：強] トレンド一致・勢い一致・出来高増,false,am,4,4000,0.442,-0.643
458,2026-06-30,6857,アドバンテスト,short,strong,09:32,31830.0,09:52,31830.0,0,0.000,BE,ダウ理論: 直近安値更新 (下落トレンド継続)｜[信頼度：強] トレンド一致・勢い一致・出来高増,true,am,20,6200,1.005,-0.408
478,2026-06-30,6976,太陽誘電,short,medium,09:32,18925.0,09:33,18925.0,0,0.000,BE,ダウ理論: 直近安値更新 (下落トレンド継続)｜[信頼度：中] トレンド一致・勢い一致・出来高薄,true,am,1,10500,0.740,-0.449
496,2026-06-30,6981,村田製作所,short,medium,09:32,10865.0,09:34,10919.3,-9996,-0.500,SL,ダウ理論: 直近安値更新 (下落トレンド継続)｜[信頼度：中] トレンド一致・勢い一致・出来高薄,false,am,2,18400,0.322,-0.506
479,2026-06-30,6976,太陽誘電,short,strong,09:33,18955.0,09:34,19049.8,-9951,-0.500,SL,ダウ理論: 直近安値更新 (下落トレンド継続)｜[信頼度：強] トレンド一致・勢い一致・出来高増,false,am,1,10500,0.185,-0.686
480,2026-06-30,6976,太陽誘電,short,medium,09:37,18980.0,09:38,19074.9,-9964,-0.500,SL,大台割れ (19000円割り込み)｜[信頼度：中] トレンド一致・勢い一致・出来高薄,false,am,1,10500,0.132,-0.527
497,2026-06-30,6981,村田製作所,short,medium,09:37,10840.0,09:50,10840.0,0,0.000,BE,ダウ理論: 直近安値更新 (下落トレンド継続)｜[信頼度：中] トレンド一致・勢い一致・出来高薄,true,am,13,18400,1.292,-0.369
447,2026-06-30,6920,レーザーテック,short,medium,09:38,49400.0,09:40,49400.0,0,0.000,BE,ダウ理論: 直近安値更新 (下落トレンド継続)｜[信頼度：中] トレンド一致・勢い一致・出来高薄,true,am,2,4000,0.526,-0.182
448,2026-06-30,6920,レーザーテック,short,medium,09:40,49180.0,09:43,49180.0,0,0.000,BE,ダウ理論: 直近安値更新 (下落トレンド継続)｜[信頼度：中] トレンド一致・勢い一致・出来高薄,true,am,3,4000,0.671,-0.305
536,2026-06-30,8035,東京エレクトロン,short,medium,09:40,76700.0,09:43,76700.0,0,0.000,BE,ダウ理論: 直近安値更新 (下落トレンド継続)｜[信頼度：中] トレンド一致・勢い一致・出来高薄,true,am,3,2600,0.639,-0.091
516,2026-06-30,9984,ソフトバンクG,short,strong,09:42,5779.0,09:47,5779.0,0,0.000,BE,ダウ理論: 直近安値更新 (下落トレンド継続)｜[信頼度：強] トレンド一致・勢い一致・出来高増,true,am,5,34600,0.675,-0.329
481,2026-06-30,6976,太陽誘電,short,medium,09:44,19035.0,09:46,19130.2,-9993,-0.500,SL,大台割れ (19100円割り込み)｜[信頼度：中] トレンド一致・勢い一致・出来高薄,false,am,2,10500,0.053,-1.235
449,2026-06-30,6920,レーザーテック,short,medium,09:45,49100.0,09:50,49100.0,0,0.000,BE,大台割れ (49200円割り込み)｜[信頼度：中] トレンド一致・勢い一致・出来高薄,true,am,5,4000,0.509,-0.428
517,2026-06-30,9984,ソフトバンクG,short,strong,09:47,5755.0,09:50,5783.8,-9985,-0.500,SL,ダウ理論: 直近安値更新 (下落トレンド継続)｜[信頼度：強] トレンド一致・勢い一致・出来高増,false,am,3,34700,0.087,-0.521
528,2026-06-30,7011,三菱重工業,short,medium,09:47,3652.0,10:26,3652.0,0,0.000,BE,長い上ヒゲ (天井シグナル, RSI:65.41230787425935%)｜[信頼度：中] トレンド一致・勢い不一致・出来高増,true,am,39,54700,0.575,-0.301
537,2026-06-30,8035,東京エレクトロン,short,medium,09:50,76650.0,09:52,77033.2,-9964,-0.500,SL,大台割れ (76700円割り込み)｜[信頼度：中] トレンド一致・勢い不一致・出来高増,false,am,2,2600,0.078,-1.383
466,2026-06-30,5803,フジクラ,long,strong,09:52,6216.0,09:55,6184.9,-9977,-0.500,SL,ダウ理論: 直近高値更新 (上昇トレンド継続)｜[信頼度：強] トレンド一致・勢い一致・出来高増,false,am,3,32100,0.097,-0.611
482,2026-06-30,6976,太陽誘電,long,strong,09:52,19470.0,09:53,19372.7,-9930,-0.500,SL,ダウ理論: 直近高値更新 (上昇トレンド継続)｜[信頼度：強] トレンド一致・勢い一致・出来高増,false,am,1,10200,0.026,-0.976
450,2026-06-30,6920,レーザーテック,short,medium,09:53,49500.0,09:56,49747.5,-9900,-0.500,SL,大台割れ (49600円割り込み)｜[信頼度：中] トレンド一致・勢い不一致・出来高増,false,am,3,4000,0.222,-0.687
483,2026-06-30,6976,太陽誘電,long,strong,09:56,19475.0,10:02,19475.0,0,0.000,BE,ダウ理論: 直近高値更新 (上昇トレンド継続)｜[信頼度：強] トレンド一致・勢い一致・出来高増,true,am,6,10200,1.078,-0.180
459,2026-06-30,6857,アドバンテスト,short,medium,09:57,31870.0,10:08,31870.0,0,0.000,BE,大台割れ (31900円割り込み)｜[信頼度：中] トレンド一致・勢い一致・出来高薄,true,am,11,6200,0.628,-0.282
467,2026-06-30,5803,フジクラ,long,strong,10:00,6197.0,10:04,6166.0,-9977,-0.500,SL,ダウ理論: 直近高値更新 (上昇トレンド継続)｜[信頼度：強] トレンド一致・勢い一致・出来高増,false,am,4,32200,0.161,-0.645
518,2026-06-30,9984,ソフトバンクG,short,strong,10:00,5735.0,10:12,5763.7,-9979,-0.500,SL,ダウ理論: 直近安値更新 (下落トレンド継続)｜[信頼度：強] トレンド一致・勢い一致・出来高増,false,am,12,34800,0.418,-0.541
507,2026-06-30,6526,ソシオネクスト,short,medium,10:04,2434.0,10:15,2434.0,0,0.000,BE,三尊（ヘッド&ショルダー）(ネックライン:2434.3円割れ)｜[信頼度：中] トレンド一致・勢い一致・出来高薄,true,am,11,82100,0.534,-0.452
498,2026-06-30,6981,村田製作所,long,strong,10:05,10955.0,10:11,10900.2,-9969,-0.500,SL,ダウ理論: 直近高値更新 (上昇トレンド継続)｜[信頼度：強] トレンド一致・勢い一致・出来高増,false,am,6,18200,0.046,-0.548
460,2026-06-30,6857,アドバンテスト,short,medium,10:10,31770.0,10:16,31928.8,-9849,-0.500,SL,大台割れ (31800円割り込み)｜[信頼度：中] トレンド一致・勢い一致・出来高薄,false,am,6,6200,0.126,-0.535
484,2026-06-30,6976,太陽誘電,long,strong,10:12,19650.0,10:13,19650.0,0,0.000,BE,大台超え (19600円突破)｜[信頼度：強] トレンド一致・勢い一致・出来高増,true,am,1,10100,1.374,-0.051
485,2026-06-30,6976,太陽誘電,long,strong,10:13,19800.0,10:14,19800.0,0,0.000,BE,ダウ理論: 直近高値更新 (上昇トレンド継続)｜[信頼度：強] トレンド一致・勢い一致・出来高増,true,am,1,10100,0.707,0.000
451,2026-06-30,6920,レーザーテック,long,strong,10:14,49500.0,10:32,50242.5,29700,1.500,TP,大台超え (49500円突破)｜[信頼度：強] トレンド一致・勢い一致・出来高増,true,am,18,4000,1.859,-0.020
486,2026-06-30,6976,太陽誘電,long,strong,10:14,19915.0,10:15,19915.0,0,0.000,BE,ダウ理論: 直近高値更新 (上昇トレンド継続)｜[信頼度：強] トレンド一致・勢い一致・出来高増,true,am,1,10000,0.929,0.000
487,2026-06-30,6976,太陽誘電,long,strong,10:15,20010.0,10:16,20010.0,0,0.000,BE,ダウ理論: 直近高値更新 (上昇トレンド継続)｜[信頼度：強] トレンド一致・勢い一致・出来高増,true,am,1,9900,0.800,-0.075
499,2026-06-30,6981,村田製作所,long,strong,10:15,11005.0,10:20,11170.1,29879,1.500,TP,ダウ理論: 直近高値更新 (上昇トレンド継続)｜[信頼度：強] トレンド一致・勢い一致・出来高増,true,am,5,18100,1.636,-0.227
468,2026-06-30,5803,フジクラ,long,strong,10:16,6206.0,10:35,6206.0,0,0.000,BE,大台超え (6200円突破)｜[信頼度：強] トレンド一致・勢い一致・出来高増,true,am,19,32200,0.628,-0.322
488,2026-06-30,6976,太陽誘電,long,strong,10:16,20105.0,10:17,20004.5,-9952,-0.500,SL,ダウ理論: 直近高値更新 (上昇トレンド継続)｜[信頼度：強] トレンド一致・勢い一致・出来高増,false,am,1,9900,0.124,-0.821
461,2026-06-30,6857,アドバンテスト,long,strong,10:18,32000.0,10:47,32000.0,0,0.000,BE,ダウ理論: 直近高値更新 (上昇トレンド継続)｜[信頼度：強] トレンド一致・勢い一致・出来高増,true,am,29,6200,0.813,-0.031
538,2026-06-30,8035,東京エレクトロン,long,strong,10:18,77550.0,10:32,78713.2,29081,1.500,TP,大台超え (77500円突破)｜[信頼度：強] トレンド一致・勢い一致・出来高増,true,am,14,2500,1.573,-0.026
500,2026-06-30,6981,村田製作所,long,strong,10:20,11160.0,10:37,11160.0,0,0.000,BE,ダウ理論: 直近高値更新 (上昇トレンド継続)｜[信頼度：強] トレンド一致・勢い一致・出来高増,true,am,17,17900,1.030,-0.358
519,2026-06-30,9984,ソフトバンクG,long,strong,10:20,5849.0,10:23,5849.0,0,0.000,BE,ダウ理論: 直近高値更新 (上昇トレンド継続)｜[信頼度：強] トレンド一致・勢い一致・出来高増,true,am,3,34100,0.513,-0.085
520,2026-06-30,9984,ソフトバンクG,long,strong,10:23,5851.0,10:46,5851.0,0,0.000,BE,ダウ理論: 直近高値更新 (上昇トレンド継続)｜[信頼度：強] トレンド一致・勢い一致・出来高増,true,am,23,34100,1.299,-0.171
543,2026-06-30,8316,三井住友FG,long,strong,10:25,6358.0,15:20,6382.0,7536,0.377,TIME,ダウ理論: 直近高値更新 (上昇トレンド継続)｜[信頼度：強] トレンド一致・勢い一致・出来高増,true,pm,235,31400,1.227,-0.236
508,2026-06-30,6526,ソシオネクスト,long,strong,10:31,2472.0,10:36,2459.6,-9999,-0.500,SL,ダウ理論: 直近高値更新 (上昇トレンド継続)｜[信頼度：強] トレンド一致・勢い一致・出来高増,false,am,5,80900,0.425,-0.769
452,2026-06-30,6920,レーザーテック,long,strong,10:32,50420.0,10:34,50167.9,-9832,-0.500,SL,ダウ理論: 直近高値更新 (上昇トレンド継続)｜[信頼度：強] トレンド一致・勢い一致・出来高増,false,am,2,3900,0.000,-0.516
489,2026-06-30,6976,太陽誘電,long,strong,10:32,20250.0,10:34,20148.8,-9923,-0.500,SL,ダウ理論: 直近高値更新 (上昇トレンド継続)｜[信頼度：強] トレンド一致・勢い一致・出来高増,false,am,2,9800,0.247,-0.593
539,2026-06-30,8035,東京エレクトロン,long,strong,10:32,78720.0,10:34,78326.4,-9840,-0.500,SL,ダウ理論: 直近高値更新 (上昇トレンド継続)｜[信頼度：強] トレンド一致・勢い一致・出来高増,false,am,2,2500,0.025,-0.559
469,2026-06-30,5803,フジクラ,short,strong,10:41,6184.0,11:25,6184.0,0,0.000,BE,三尊（ヘッド&ショルダー）(ネックライン:6204.0円割れ)｜[信頼度：強] トレンド一致・勢い一致・出来高増,true,am,44,32300,1.423,0.000
462,2026-06-30,6857,アドバンテスト,short,medium,10:46,32050.0,10:53,32210.2,-9935,-0.500,SL,ダウ理論: 直近安値更新 (下落トレンド継続)｜[信頼度：中] トレンド一致・勢い一致・出来高薄,false,am,7,6200,0.218,-0.530
509,2026-06-30,6526,ソシオネクスト,short,medium,10:46,2445.0,10:52,2457.2,-9988,-0.500,SL,ダウ理論: 直近安値更新 (下落トレンド継続)｜[信頼度：中] トレンド一致・勢い一致・出来高薄,false,am,6,81700,0.164,-0.777
529,2026-06-30,7011,三菱重工業,short,medium,10:47,3642.0,10:56,3660.2,-9997,-0.500,SL,ダウ理論: 直近安値更新 (下落トレンド継続)｜[信頼度：中] トレンド一致・勢い一致・出来高薄,false,am,9,54900,0.220,-0.549
453,2026-06-30,6920,レーザーテック,long,strong,10:49,50000.0,11:10,49750.0,-10000,-0.500,SL,大台超え (50000円突破)｜[信頼度：強] トレンド一致・勢い一致・出来高増,false,am,21,4000,0.380,-0.560
522,2026-06-30,9984,ソフトバンクG,long,strong,10:49,5868.0,11:06,5956.0,29927,1.500,TP,VWAPクロス上抜け (VWAP:5855.9)｜[信頼度：強] トレンド一致・勢い一致・出来高増,true,am,17,34000,1.534,-0.290
501,2026-06-30,6981,村田製作所,long,strong,10:53,11210.0,12:30,11378.1,29931,1.500,TP,大台超え (11200円突破)｜[信頼度：強] トレンド一致・勢い一致・出来高増,true,pm,37,17800,2.230,-0.268
540,2026-06-30,8035,東京エレクトロン,short,medium,10:57,77890.0,11:25,77890.0,0,0.000,BE,大台割れ (77900円割り込み)｜[信頼度：中] トレンド一致・勢い一致・出来高薄,true,am,28,2500,1.104,-0.103
454,2026-06-30,6920,レーザーテック,short,medium,10:58,49940.0,11:23,49940.0,0,0.000,BE,大台割れ (50000円割り込み)｜[信頼度：中] トレンド一致・勢い一致・出来高薄,true,am,25,4000,0.841,-0.140
521,2026-06-30,9984,ソフトバンクG,short,medium,10:58,5877.0,11:00,5906.4,-9991,-0.500,SL,大台割れ (5900円割り込み)｜[信頼度：中] トレンド逆行・勢い一致・出来高増,false,am,2,34000,0.085,-0.510
455,2026-06-30,6920,レーザーテック,long,strong,13:01,50290.0,14:59,50290.0,0,0.000,BE,大台超え (50200円突破)｜[信頼度：強] トレンド一致・勢い一致・出来高増,true,pm,118,3900,1.074,-0.219
463,2026-06-30,6857,アドバンテスト,long,strong,13:01,32690.0,14:30,32690.0,0,0.000,BE,大台超え (32600円突破)｜[信頼度：強] トレンド一致・勢い一致・出来高増,true,pm,89,6100,0.979,-0.214
470,2026-06-30,5803,フジクラ,long,strong,13:02,6190.0,15:20,6213.0,7429,0.372,TIME,ダウ理論: 直近高値更新 (上昇トレンド継続)｜[信頼度：強] トレンド一致・勢い一致・出来高増,true,pm,138,32300,1.292,-0.032
541,2026-06-30,8035,東京エレクトロン,long,strong,13:03,77960.0,14:37,77960.0,0,0.000,BE,大台超え (77900円突破)｜[信頼度：強] トレンド一致・勢い一致・出来高増,true,pm,94,2500,1.026,-0.205
490,2026-06-30,6976,太陽誘電,long,strong,13:10,20610.0,13:17,20610.0,0,0.000,BE,大台超え (20600円突破)｜[信頼度：強] トレンド一致・勢い一致・出来高増,true,pm,7,9700,0.582,-0.073
510,2026-06-30,6526,ソシオネクスト,short,strong,13:10,2545.0,13:23,2557.7,-9989,-0.500,SL,ダウ理論: 直近安値更新 (下落トレンド継続)｜[信頼度：強] トレンド一致・勢い一致・出来高増,false,pm,13,78500,0.138,-0.806
523,2026-06-30,9984,ソフトバンクG,long,strong,13:11,5932.0,13:23,5932.0,0,0.000,BE,逆三尊（インバースH&S）(ネックライン:5925.0円突破)｜[信頼度：強] トレンド一致・勢い一致・出来高増,true,pm,12,33700,0.539,-0.101
502,2026-06-30,6981,村田製作所,long,strong,13:12,11570.0,13:13,11570.0,0,0.000,BE,ダウ理論: 直近高値更新 (上昇トレンド継続)｜[信頼度：強] トレンド一致・勢い一致・出来高増,true,pm,1,17200,0.605,0.000
503,2026-06-30,6981,村田製作所,long,strong,13:13,11620.0,13:31,11561.9,-9993,-0.500,SL,ダウ理論: 直近高値更新 (上昇トレンド継続)｜[信頼度：強] トレンド一致・勢い一致・出来高増,false,pm,18,17200,0.129,-0.559
511,2026-06-30,6526,ソシオネクスト,long,strong,13:23,2556.5,14:30,2556.5,0,0.000,BE,ダウ理論: 直近高値更新 (上昇トレンド継続)｜[信頼度：強] トレンド一致・勢い一致・出来高増,true,pm,67,78200,0.880,-0.176
530,2026-06-30,7011,三菱重工業,long,strong,13:30,3674.0,15:20,3675.0,544,0.027,TIME,ダウ理論: 直近高値更新 (上昇トレンド継続)｜[信頼度：強] トレンド一致・勢い一致・出来高増,false,pm,110,54400,0.354,-0.136
504,2026-06-30,6981,村田製作所,long,strong,13:35,11610.0,13:45,11552.0,-9985,-0.500,SL,大台超え (11600円突破)｜[信頼度：強] トレンド一致・勢い一致・出来高増,false,pm,10,17200,0.000,-0.517
491,2026-06-30,6976,太陽誘電,short,medium,13:38,20450.0,14:00,20143.3,29755,1.500,TP,三尊（ヘッド&ショルダー）(ネックライン:20480.0円割れ)｜[信頼度：中] トレンド一致・勢い一致・出来高薄,true,pm,22,9700,1.663,-0.220
524,2026-06-30,9984,ソフトバンクG,long,strong,13:40,5992.0,13:46,5992.0,0,0.000,BE,ゴールデンクロス (MA5:5945.8 > MA25:5939.08, 乖離:0.11%)｜[信頼度：強] トレンド一致・勢い一致・出来高増,true,pm,6,33300,0.918,-0.184
492,2026-06-30,6976,太陽誘電,short,strong,14:00,20165.0,14:08,20265.8,-9982,-0.500,SL,ダウ理論: 直近安値更新 (下落トレンド継続)｜[信頼度：強] トレンド一致・勢い一致・出来高増,false,pm,8,9900,0.099,-0.521
525,2026-06-30,9984,ソフトバンクG,long,strong,14:00,6024.0,14:08,5993.9,-10000,-0.500,SL,大台超え (6000円突破)｜[信頼度：強] トレンド一致・勢い一致・出来高増,false,pm,8,33200,0.017,-0.515
544,2026-06-30,8316,三井住友FG,short,strong,14:00,6399.0,15:20,6382.0,5304,0.266,TIME,ダウ理論: 直近安値更新 (下落トレンド継続)｜[信頼度：強] トレンド一致・勢い一致・出来高増,false,pm,80,31200,0.328,-0.188
505,2026-06-30,6981,村田製作所,long,strong,14:07,11600.0,14:30,11542.0,-9976,-0.500,SL,大台超え (11600円突破)｜[信頼度：強] トレンド一致・勢い一致・出来高増,false,pm,23,17200,0.259,-0.517
493,2026-06-30,6976,太陽誘電,short,strong,14:10,20050.0,14:22,20150.2,-9925,-0.500,SL,ダウ理論: 直近安値更新 (下落トレンド継続)｜[信頼度：強] トレンド一致・勢い一致・出来高増,false,pm,12,9900,0.175,-0.673
526,2026-06-30,9984,ソフトバンクG,long,strong,14:10,6005.0,15:20,5992.0,-4329,-0.216,TIME,大台超え (6000円突破)｜[信頼度：強] トレンド一致・勢い一致・出来高増,false,pm,70,33300,0.416,-0.500
512,2026-06-30,6526,ソシオネクスト,short,strong,14:25,2563.5,14:41,2563.5,0,0.000,BE,ダウ理論: 直近安値更新 (下落トレンド継続)｜[信頼度：強] トレンド一致・勢い一致・出来高増,true,pm,16,78000,0.507,-0.078
531,2026-06-30,7011,三菱重工業,short,medium,14:25,3678.0,15:20,3675.0,1629,0.082,TIME,ダウ理論: 直近安値更新 (下落トレンド継続)｜[信頼度：中] トレンド一致・勢い一致・出来高薄,false,pm,55,54300,0.190,-0.245
494,2026-06-30,6976,太陽誘電,short,strong,14:26,19930.0,14:31,20029.6,-9965,-0.500,SL,ダウ理論: 直近安値更新 (下落トレンド継続)｜[信頼度：強] トレンド一致・勢い一致・出来高増,false,pm,5,10000,0.025,-0.753